PERIOD,AUDITTYPE,STORECODE,DLRCODE,ITEMCODE,CATEGORY,MANUFACTURE,BRAND,ITEMDESC,MRP,PACKSIZE,PACKTYPE,COMMENTS,IMAGE
202312,2,116336450,11301020015,1703690509637,134,SARAS BEVERAGES PRIVATE LIMITED NEPAL,RED BULL,"RED BULL CAN 250ML ",110,250ML,CAN,,
202312,2,129058210,12201020023,1703690509637,134,SARAS BEVERAGES PRIVATE LIMITED NEPAL,RED BULL,"RED BULL CAN 250ML ",110,250ML,CAN,,
202312,2,129058210,12201020023,1702704252158,134,BHEDETAR SPARKLING WATER COMPANY PVT LTD NEPAL,JARUWA SPRING,"JARUWA SPRING PET 1LTR ",20,1LTR,PET,,
202312,2,128827091,12201020021,1703690509637,134,SARAS BEVERAGES PRIVATE LIMITED NEPAL,RED BULL,"RED BULL CAN 250ML ",110,250ML,CAN,,1703690509637-saras beverages private limited nepal-red bull#3.png
202312,2,128699486,12201020014,1702704252158,134,BHEDETAR SPARKLING WATER COMPANY PVT LTD NEPAL,JARUWA SPRING,"JARUWA SPRING PET 1LTR ",20,1LTR,PET,,1702704252158-bhedetar sparkling water company pvt ltd nepal-jaruwa spring#3.png
202312,2,132781485,31303020027,1703484115856,134,"SUJAL DAIRY PVT LTD ",RUSH,"RUSH BADAM DRINK CAN 180 ML ",110,180ML,CAN,Any other reason,1703484115856-sujal dairy pvt ltd -rush#3.png
202312,2,132792941,31303020011,1703484115856,134,"SUJAL DAIRY PVT LTD ",RUSH,"RUSH BADAM DRINK CAN 180 ML ",110,180ML,CAN,,1703484115856-sujal dairy pvt ltd -rush#3.png
202312,2,132848528,31303020029,1703484115856,134,"SUJAL DAIRY PVT LTD ",RUSH,"RUSH BADAM DRINK CAN 180 ML ",100,180ML,CAN,Any other reason,1703484115856-sujal dairy pvt ltd -rush#3.png
202312,2,132803597,31303020004,1703484115856,134,"SUJAL DAIRY PVT LTD ",RUSH,"RUSH BADAM DRINK CAN 180 ML ",110,180ML,CAN,,1703484115856-sujal dairy pvt ltd -rush#3.png
202312,2,132920729,31303020012,1703487499413,134,"SARAS BEVERAGE PRIVATE LIMITED NEPAL ",RED BULL,RED BULL-CAN 250ML,110,250ML,CAN,,1703487499413-saras beverage private limited nepal -red bull#3.png
202312,2,111504940,12101020023,1703398151435,134,PEPSICO INDIA-INDIA,STING ENERGY BLUE CURRENT,"STING ENERGY BLUE CURRENT ",32,250 ML.,PBT,,1703398151435-pepsico india-india-sting energy blue current#3.png
202312,2,123947434,21301020036,1702883942360,134,SALAMBHU FOOD AND BEVERAGE P.LTD,AQUA SUNKAKHARI,AQUA SUNAKHARI\1000\ML,20,1000 ML,PET,Invoices not available,1702883942360-salambhu food and beverage p-ltd-aqua sunkakhari#3.png
202312,2,128189766,31101020097,1703063006122,118,SAPPE PUBLIC COMPANY LTD-THAILAND,MOGU MOGU,MOGU MOGU-ORANGE PBT 320 ML,150,320ML,PBT,,1703063006122-sappe public company ltd-thailand-mogu mogu#3.png
202312,2,128189766,31101020097,1703063422314,118,SAPPE PUBLIC COMPANY LTD-THAILAND,MOGU MOGU,MOGU MOGU-MANGO PBT 320ML,150,320 ML,PBT,,1703063422314-sappe public company ltd-thailand-mogu mogu#3.png
202312,2,113395617,21103020006,1702803743834,134,SALAMBHU FOOD AND BEVERAGE PVT. LTD,AQUA SUNAKHARI,AQUA SUNAKHARI/PBT/1LTR,20,1LTR,PBT,,1702803743834-salambhu food and beverage pvt- ltd-aqua sunakhari#3.png
202312,2,113599066,21103020023,1702799816701,134,GANESH HIMAL KHANEPANI PRIVATE LIMITED,AQUA MOON,AQUA MOON/JAR/19LTR,40,19LTR,JAR,,1702799816701-ganesh himal khanepani private limited-aqua moon#3.png
202312,2,113563488,21103020014,1702793288313,134,DANFE MINERAL WATER P LTD-NPL,AQUA COOL,AQUA COOL/JAR/19000LTR,40,19LTR,JAR,,
202312,2,114624094,21103020024,1702797429836,134,QUALITY KHANEPANI PVT LTD-NPL,AQUA NIRMAL,AQUA NIRMAL/JAR/19LTR,40,19LTR,JAR,,1702797429836-quality khanepani pvt ltd-npl-aqua nirmal#3.png
202312,2,113630562,21103020033,1702793288313,134,DANFE MINERAL WATER P LTD-NPL,AQUA COOL,AQUA COOL/JAR/19000LTR,40,19LTR,JAR,,
202312,2,114638625,21103020029,1702793790731,134,DABUR NEPAL LTD.-NEPAL,REAL FRUIT POWER,REAL FRUIT POWER/TPK/1000ML/REAL180ML FREE,290,1000ML,TPK,,1702793790731-dabur nepal ltd--nepal-real fruit power#3.png
202312,2,114638625,21103020029,1702793288313,134,DANFE MINERAL WATER P LTD-NPL,AQUA COOL,AQUA COOL/JAR/19000LTR,50,19LTR,JAR,,1702793288313-danfe mineral water p ltd-npl-aqua cool#3.png
202312,2,111636895,21103020034,1702625740430,134,"CAVINKARE PRIVATE LIMITED ","CAVINS ",CAVINS/VANILLA MILKSHAKE/TPK/RS70,80,170ML,TPK,,1702625740430-cavinkare private limited -cavins #3.png
202312,2,122591032,31101020032,1702449532430,134,MARUTI DAIRY PRODUCT-NEPAL,GOPALA,GOPALA FRESHO PINEAPPLE\250ML\CAN\RS:100\MARUTI DAIRY PRODUCT PVT.LTD NEPAL,100,250 ML,CAN,,1702449532430-maruti dairy product-nepal-gopala#3.png
202312,2,122591032,31101020032,1702449618174,134,MARUTI DAIRY PRODUCT-NEPAL,GOPALA,GOPALA FRESHO MIXED FRUIT\250ML\CAN\RS:100\MARUTI PRODUCT PVT.LTD NEPAL,100,250 ML,CAN,New SKU,1702449618174-maruti dairy product-nepal-gopala#3.png
202312,2,111889963,12101020036,1702280997817,134,HECTOR BEVERAGE PVT. LTD. INDIA,PAPER BOAT SWING LUSH LYCHEE,PAPER BOAT SWING LUSH LYCHEE,16,125 ML.,PBT,New Category,1702280997817-hector beverage pvt- ltd- india-paper boat swing lush lychee#3.png
202311,2,112116438,21102020060,1701324579472,134,DABUR NEPAL LTD.-NEPAL,REAL FRUIT POWER,REAL FRUIT POWER/MIXED FRUIT/FREE 180 ML REAL WORTH RS 30,290,1000ML,TPK,,1701324579472-dabur nepal ltd--nepal-real fruit power#3.png
202311,2,122160674,12303020021,1700801745964,118,SHAMBHAVI FOOD AND BEVERAGES PVT. LTD,MAINTAIN DEW,MAINTAIN DEW PBT 1000ML,120,1000ML,PBT,,1700801745964-shambhavi food and beverages pvt- ltd-maintain dew#3.png
202311,2,123490448,31101020011,1700549616408,134,THE BINDESHWORI DRK WTR&BVG-NP,ALL IN ONE,ALL IN ONE PBT 1 LTR,25,1000ML,PBT,,1700549616408-the bindeshwori drk wtr-bvg-np-all in one#3.png
202311,2,124303166,21301020032,1700372370852,134,A ONE POLYMERS & BEVERAGE P LTD,AQUA RAJDHANI,AQUA RAJDHANI\1000\ML,20,1000 ML,PET,,1700372370852-a one polymers - beverage p ltd-aqua rajdhani#3.png
202310,2,132848528,31303020029,1697696629275,134,LIFE FOOD & BEVERAGE-NEPAL,KI BU CLASSIC,KI BU-CLASSIC CAN 250 ML,120,250ML,CAN,,1697696629275-life food - beverage-nepal-ki bu classic#3.png
202310,2,128757050,12201020010,1696921559996,118,SINGAPORE BEVERAGE-NEPAL,NIMBU PANI,NIMBU PANI-LEMON PET 600ML,85,600ML,PET,Sales Deviation is OK,1696921559996-singapore beverage-nepal-nimbu pani#3.png
202310,2,128757050,12201020010,1696921982357,118,SINGAPORE BEVERAGE-NEPAL,NIMBU PANI,NIMBU PANI-LEMON PET 2.25LTR,260,2.25LTR,PET,,1696921982357-singapore beverage-nepal-nimbu pani#3.png
202310,2,111206412,21102020036,1697349961368,118,MANAKAMANA FRUIT & BEVERAGE-NP,NIMBU FRESH,NIMBU FRESH/,80,500ML,PBT,,1697349961368-manakamana fruit - beverage-np-nimbu fresh#3.png
202310,2,111206412,21102020036,1697349680869,118,MANAKAMANA FRUIT & BEVERAGE-NP,SHIKANJI MASALA,SHIKANJI MASALA,50,250ML,PBT,,1697349680869-manakamana fruit - beverage-np-shikanji masala#3.png
202310,2,111206412,21102020036,1697349833637,118,MANAKAMANA FRUIT & BEVERAGE-NP,PEACH MASTI,PEACH MASTI,50,250ML,PBT,,1697349833637-manakamana fruit - beverage-np-peach masti#3.png
202310,2,128702441,12201020028,1697189732477,134,SAPPE PUBLIC COMPANY LIMITED THAILAND,MOGU MOGU,MOGU MOGU PEACH FLAVORED DRINK PET 320ML,150,320ML,PET,,1697189732477-sappe public company limited thailand-mogu mogu#3.png
202310,2,128702441,12201020028,1697190407963,134,SAPPE PUBLIC COMPANY LIMITED THAILAND,MOGU MOGU,MOGU MOGU LYCHEE FLAVORED DRINK PET 320ML,150,320ML,PET,,1697190407963-sappe public company limited thailand-mogu mogu#3.png
202310,2,128702441,12201020028,1697190261438,134,SAPPE PUBLIC COMPANY LIMITED THAILAND,MOGU MOGU,MOGU MOGU BLACKCURRANT FLAVORED DRINK PET 320ML,150,320ML,PET,,1697190261438-sappe public company limited thailand-mogu mogu#3.png
202310,2,128702441,12201020028,1697190090497,134,SAPPE PUBLIC COMPANY LIMITED THAILAND,MOGU MOGU,MOGU MOGU YOGURT FLAVORED DRINK PET 320ML,150,320ML,PET,,1697190090497-sappe public company limited thailand-mogu mogu#3.png
202310,2,121838548,31101020068,1697189657881,134,LIFE FOOD & BEVERAGE-NEPAL,KI BU,KI BU CLASSIC ENRERGY DRINK\250ML\CAN\RS:120\LIFE FOOD&BEVRAGE PVT.LTD NEPAL,120,"250 ML ",CAN,,1697189657881-life food - beverage-nepal-ki bu#3.png
202310,2,124306089,21301020031,1696493583267,134,DUGAR FOOD & BEVERAGE-NEPAL,DOOIT GUAVA,DOOIT GUAVA\200\ML,30,200ML,,New SKU,
202310,2,113389746,52204020004,1696923515130,134,LS WATER & BEVERAGE-NEPAL,PRAN POWER,PRAN POWER/ENERGY DRINK/250ML/CAN,120,"250ML ",CAN,,1696923515130-ls water - beverage-nepal-pran power#3.png
202310,2,128846077,22101020019,1696734410850,134,ASP NATURAL RESOURCES PVT LTD-NEPAL,DROP,"DROP\1000ML\PBT\MINERAL WATER ",25,1000ML,PBT,Sales Deviation is OK,1696734410850-asp natural resources pvt ltd-nepal-drop#3.png
202310,2,124303166,21301020032,1696493583267,134,DUGAR FOOD & BEVERAGE-NEPAL,DOOIT GUAVA,DOOIT GUAVA\200\ML,30,200ML,,Sales Deviation is OK,1696493583267-dugar food - beverage-nepal-dooit guava#3.png
202310,3,1220100003,12201030162,1696322580499,125,NAVYUBAK SURTI FACTORY NEPAL,JHUM JHUM SUPER POWER,"JHUM JHUM SUPER POWER PPH 8G ",20,8G,PPH,,1696322580499-navyubak surti factory nepal-jhum jhum super power#3.png
202309,2,212581910166,21258020009,1695539752367,134,AQUA JUGAL,"AQUA JUGAL ",AQUA JUGAL DRINKING WATER\1000\ML,20,1000ML,PET,New SKU,
202309,2,212581910102,21258020002,1695539752367,134,AQUA JUGAL,"AQUA JUGAL ",AQUA JUGAL DRINKING WATER\1000\ML,20,1000ML,PET,New SKU,1695539752367-aqua jugal-aqua jugal #3.png
202309,2,128699486,12201020014,1694425377025,134,SINGAPORE BEVERAGE-NEPAL,FRUIT GEMS,FRUIT GEMS BLACK CURRANT DRINK PET 320ML,140,320ML,PET,,1694425377025-singapore beverage-nepal-fruit gems#3.png
202309,2,122002412,12303020025,1694323975861,134,PRAKASH BEVERAGE-NEPAL,LIFE CARE,LIFE CARE-PET 500ML,15,500ML,PBT,Sales Deviation is OK,1694323975861-prakash beverage-nepal-life care#3.png
202309,2,122761663,31101020092,1694249559082,134,POKHARA NATURAL FOOD & BEVERAGE-NP,BRILLIANCE,BRILLIANCE WATER\PET\1000ML\RS:25\POKHARA NATURAL FOOD& BEVRAGE PVT.LTD NEPAL,25,1000ML,PBT,Sales Deviation is OK,1694249559082-pokhara natural food - beverage-np-brilliance#3.png
202309,2,125442842,31101020103,1694155646747,118,VENTURA BOTTLERS PVT LTD-NEPAL,RC COLA,RC COLA-COLA PET 2.25L,260,2.25L,PBT,,1694155646747-ventura bottlers pvt ltd-nepal-rc cola#3.png
202308,2,116304492,11301020014,1693193351088,134,LIFE FOOD & BEVERAGE-NEPAL,REBOOST,REBOOST NON CARBONATED ENERGY DRINK CAN 250ML,120,250ML,CAN,Sales Deviation is OK,
202308,2,116313561,11301020007,1693192643948,118,PATHIBHARA FOOD & PCKNG UDY-NP,MOTION DEW,"MOTION DEW PET 600ML ",80,600ML,PET,,1693192643948-pathibhara food - pckng udy-np-motion dew#3.png
202308,2,116313561,11301020007,1693193351088,134,LIFE FOOD & BEVERAGE-NEPAL,REBOOST,REBOOST NON CARBONATED ENERGY DRINK CAN 250ML,120,250ML,CAN,,1693193351088-life food - beverage-nepal-reboost#3.png
202308,3,1023173737366,21104030039,1693031499700,,SURYA NEPAL PVT LTD - NEPAL,"DUAL ",SURYA DUAL,320,20,MEDIUM,Sales Deviation is OK,1693031499700-surya nepal pvt ltd - nepal-dual #3.png
202308,2,117158265,11302020009,1693033865829,134,DHANKUTA AGRO TOURISM & FUN VALLEY PVT LTD NEPAL,DHANKUTELI MULKO,DHANKUTELI MULKO PET 750ML +100ML FREE,25,750ML,PET,Sales Deviation is OK,
202308,2,117186046,11302020003,1693033865829,134,DHANKUTA AGRO TOURISM & FUN VALLEY PVT LTD NEPAL,DHANKUTELI MULKO,DHANKUTELI MULKO PET 750ML +100ML FREE,25,750ML,PET,,
202308,2,116312313,11302020008,1693033865829,134,DHANKUTA AGRO TOURISM & FUN VALLEY PVT LTD NEPAL,DHANKUTELI MULKO,DHANKUTELI MULKO PET 750ML +100ML FREE,25,750ML,PET,Sales Deviation is OK,1693033865829-dhankuta agro tourism - fun valley pvt ltd nepal-dhankuteli mulko#3.png
202308,2,231732610191,23173020010,1691472506125,118,PARLE AGRO PVT LTD-INDIA,APPY FIZZ APPLE,"APPY FIZZ\250ML\PBT\APPLE FLAVOUR ",29,250ML,PBT,Sales Deviation is OK,
202308,3,3110102044,31101030579,1691997417207,125,PUJA TOBACCO PACKING INDUSTRIES,TAZA,TAZA SUPER POWER PPH 8GM,20,8 GM,PPH,,1691997417207-puja tobacco packing industries-taza#3.png
202308,3,3110105419,31101030580,1691997417207,125,PUJA TOBACCO PACKING INDUSTRIES,TAZA,TAZA SUPER POWER PPH 8GM,20,8 GM,PPH,,1691997417207-puja tobacco packing industries-taza#3.png
202308,2,130911248,31101020091,1692258062571,134,POKHARA NATURAL FOOD & BEVERAGE-NP,GLAZE,GLAZ PBT 500ML,20,500ML,PBT,,1692258062571-pokhara natural food - beverage-np-glaze#3.png
202308,3,1220100019,12201030025,1691569788208,105,GORKHA LAHARI PVT.LTD.- NEPAL,ACTION LIGHTS,ACTION LIGHTS,115,20NOS,HL,,1691569788208-gorkha lahari pvt-ltd-- nepal-action lights#3.png
202308,3,3110104258,31101030546,1691997417207,125,PUJA TOBACCO PACKING INDUSTRIES,TAZA,TAZA SUPER POWER PPH 8GM,20,8 GM,PPH,,1691997417207-puja tobacco packing industries-taza#3.png
202308,2,125080524,21301020034,1691737659365,118,SINGAPORE BEVERAGE-NEPAL,LEMONZAAAAA NIMBU PANI,LEMONZAAAAA NIMBU PANI\600\ML,80,600ML,PET,New SKU,1691737659365-singapore beverage-nepal-lemonzaaaaa nimbu pani#3.png
202308,2,122330419,12303020004,1691658208686,134,OM PATHIBHARA FOOD & BEV-NP,OASIS JAL,OASIS JAL-PET 500ML,15,500ML,PET,Sales Deviation is OK,1691658208686-om pathibhara food - bev-np-oasis jal#3.png
202308,2,128827344,31101020050,1691645381753,134,CG FOODS- NEPAL,RIO KDS LUV,"RIO-ABC KDS LUV TPK 200ML ",40,200ML,TPK,,1691645381753-cg foods- nepal-rio kds luv#3.png
202308,2,124775456,21301020033,1691646071450,134,CG FOODS- NEPAL,RIO KIDS LUV,RIO KIDS LUV\200\ML,40,200 ML,TPK,New SKU,1691646071450-cg foods- nepal-rio kids luv#3.png
202308,2,130605665,52303020011,1691654171687,134,SITAZ FOOD & BEVERAGE INDUSTRY-NP,SITAZ BOOST,SITAZ BOOST/500ML/PBT/MANGO,80,"500ML ",PBT,,1691654171687-sitaz food - beverage industry-np-sitaz boost#3.png
202308,2,130605665,52303020011,1691654504868,134,LIFE FOOD & BEVERAGE-NEPAL,"REBOOST ",REBOOST/250ML/CAN/ENERGY DRINK,120,"250ML ",CAN,,1691654504868-life food - beverage-nepal-reboost #3.png
202308,2,129024634,22101020014,1691472506125,118,PARLE AGRO PVT LTD-INDIA,APPY FIZZ APPLE,"APPY FIZZ\250ML\PBT\APPLE FLAVOUR ",40,250ML,PBT,,1691472506125-parle agro pvt ltd-india-appy fizz apple#3.png
202308,2,126901159,52202020008,1691383288403,134,"SETI BEVERAGE INDUSTRIES NEPAL ",SETI JAL,SETI JAL/DRINKING WATER/1000ML/PBT,25,"1000ML ",PBT,Sales Deviation is OK,1691383288403-seti beverage industries nepal -seti jal#3.png
202307,2,130379882,21202020033,1688717919664,134,"RAJAN PANI UDYOG NEPAL ",PARSA,"PARSA\1000ML\PBT\MINERAL WATER ",25,1000ML,PBT,,
202307,2,128585618,22202020020,1689940933308,134,"EVEREST MINERAL WATER INDUSTRIES PVT.LTD NEPAL ","EVEREST ","EVEREST\1000ML\PBT\MINERAL WATER ",25,1000ML,PBT,Sales Deviation is OK,1689940933308-everest mineral water industries pvt-ltd nepal -everest #3.png
202307,2,126633897,22202020032,1690006534681,134,DABUR NEPAL LTD.-NEPAL,REAL FRUIT POWER,REAL FRUIT POWER\150ML\PBT\APPLE  FIZZIN,30,150ML,PBT,,1690006534681-dabur nepal ltd--nepal-real fruit power#3.png
202307,2,126770926,22202020028,1689909436583,134,LIFE FOOD & BEVERAGE-NEPAL,FIZZY LIFE,"FIZZY LIFE\250ML\PBT\LITCHI FLAVOUR ",50,250ML,PBT,,1689909436583-life food - beverage-nepal-fizzy life#3.png
202307,2,134233475,31306020007,1689589498639,134,LIFE FOOD & BEVERAGE-NEPAL,FIZZY LIFE LITCHI,FIZZY LIFE LITCHI FLAVOURED/PBT/250ML/50/LIFE FOOD & BEVERAGE-NEPAL,50,250ML,PBT,,1689589498639-life food - beverage-nepal-fizzy life litchi#3.png
202307,2,112284433,21102020057,1689317797145,118,BOTTLERS NEPAL - NEPAL,COCA-COLA,COCA COLA/RS30 OFF/2250ML/PBT/RS 230,230,2250ML,PBT,,1689317797145-bottlers nepal - nepal-coca-cola#3.png
202307,2,111949706,21102020058,1689146499518,118,SABARAT AGRO PVT.LTD NEPAL,PALOMA,PALOMA-PEACH MANGO FUSION/PBT/300ML,60,300ML,PBT,,1689146499518-sabarat agro pvt-ltd nepal-paloma#3.png
202307,2,111949706,21102020058,1689146671651,118,SABARAT AGRO PVT.LTD NEPAL,SABARU,SABARU-PEACH ICED TEA/PBT/300 ML,80,300ML,PBT,,1689146671651-sabarat agro pvt-ltd nepal-sabaru#3.png
202307,2,111949706,21102020058,1689146194676,118,LIFE FOOD & BEVERAGE-NEPAL,FIZZY LIFE,FIZZY LIFE-NIMBOO-PBT-250ML,50,250ML,PBT,,1689146194676-life food - beverage-nepal-fizzy life#3.png
202307,2,129024634,22101020014,1688987959682,134,VARUN BEVERAGE -INDIA,"SLICE ","SLICE\200ML\PBT\MANGO FLAVOUR ",32,200ML,PBT,,1688987959682-varun beverage -india-slice #3.png
202307,2,126758637,32201020029,1688901555760,118,SOUTH ASIAN BEVERAGES P. LTD-NEPAL,FIZZ,FIZZ MALT/PBT/160ML/30/SOUTH ASIAN BEVERAGES P. LTD-NEPAL,30,160ML,PBT,,1688901555760-south asian beverages p- ltd-nepal-fizz#3.png
202307,2,128771880,22101020005,1688717919664,134,"RAJAN PANI UDYOG NEPAL ",PARSA,"PARSA\1000ML\PBT\MINERAL WATER ",20,1000ML,PBT,Sales Deviation is OK,1688717919664-rajan pani udyog nepal -parsa#3.png
202306,2,516753310237,51675020007,1687519604622,118,LUMBINI BEVERAGE-NEPAL,"CONFIRM CHISO DEW ",CONFIRM CHISO DEW/1500ML/PBT,180,"1500ML ",PBT,,1687519604622-lumbini beverage-nepal-confirm chiso dew #3.png
202306,2,516753710207,51675020002,1687521544393,134,DABUR NEPAL LTD.-NEPAL,REAL FRUIT POWER,REAL FRUIT POWER/500ML/GUAVA/PBT,90,"500ML ",PBT,,1687521544393-dabur nepal ltd--nepal-real fruit power#3.png
202306,2,132916045,31315020009,1687682408449,134,LIFE FOOD & BEVERAGE-NEPAL,FIZZY LIFE,FIZZY LIFE GREEN APPLE PBT 250ML,0,250ML,PBT,Delete the Item,1687682408449-life food - beverage-nepal-fizzy life#3.png
202306,2,132916045,31315020009,1687682012169,134,LIFE FOOD & BEVERAGE-NEPAL,FIZZY LIFE,"FIZZY LIFE LITCHI PBT 250ML ",0,250ML,PBT,Delete the Item,1687682012169-life food - beverage-nepal-fizzy life#3.png
202306,2,118136849,31308020005,1687507554068,134,MANAKAMANA FRUIT & BEVERAGE PVT.LTD. NEPAL,MANAKAMANA NIMBU FRESH,MANAKAMANA NIMBU FRESH/PBT/250ML/50/MANAKAMANA FRUIT & BEVERAGE PVT.LTD. NEPAL,50,250ML,PBT,Sales Deviation is OK,1687507554068-manakamana fruit - beverage pvt-ltd- nepal-manakamana nimbu fresh#3.png
202306,2,425485310293,42548020007,1686064133681,134,CG FOODS- NEPAL,RIO JUICE & GLUCOSE,RIO/CG FOODS /JUICE/TPK180+20ML EXTRA/RS25,25,RS25,TPK,Sales Deviation is OK,
202306,2,425485310191,42548020004,1686064133681,134,CG FOODS- NEPAL,RIO JUICE & GLUCOSE,RIO/CG FOODS /JUICE/TPK180+20ML EXTRA/RS25,25,RS25,TPK,Sales Deviation is OK,
202306,2,425485210340,42548020005,1686064133681,134,CG FOODS- NEPAL,RIO JUICE & GLUCOSE,RIO/CG FOODS /JUICE/TPK180+20ML EXTRA/RS25,25,RS25,TPK,Sales Deviation is OK,
202306,2,222331710112,22233020010,1687501165203,134,AQUA EVEREST,SUHANA DRINKING WATER,SUHANA DRINKING WATER\1000\ML,20,1000 ML,PET,New SKU,1687501165203-aqua everest-suhana drinking water#3.png
202306,2,130253051,21202020019,1687511864131,134,HYGEN PACKS NEPAL PVT LTD-NEPAL,MANIA WILD,"MANIA WILD\250ML\CAN\ENERGY DRINK +80ML EXTRA ",150,180ML,CAN,,1687511864131-hygen packs nepal pvt ltd-nepal-mania wild#3.png
202306,2,527374310031,52737020002,1687415801021,118,LUMBINI BEVERAGE-NEPAL,CONFIRM CHISO," CONFIRM CHISO COLA/500ML/PBT",80,"500ML ",PBT,,1687415801021-lumbini beverage-nepal-confirm chiso#3.png
202306,2,425723810097,42572020002,1686064133681,134,CG FOODS- NEPAL,RIO JUICE & GLUCOSE,RIO/CG FOODS /JUICE/TPK180+20ML EXTRA/RS25,25,RS25,TPK,Sales Deviation is OK,
202306,2,425723810111,42572020005,1686064133681,134,CG FOODS- NEPAL,RIO JUICE & GLUCOSE,RIO/CG FOODS /JUICE/TPK180+20ML EXTRA/RS25,25,RS25,TPK,Sales Deviation is OK,
202306,2,425724410118,42572020001,1686064133681,134,CG FOODS- NEPAL,RIO JUICE & GLUCOSE,RIO/CG FOODS /JUICE/TPK180+20ML EXTRA/RS25,25,RS25,TPK,Sales Deviation is OK,
202306,2,425724410108,42572020004,1687226307365,118,MANAKAMANA FRUIT & BEVERAGE-NP,MAGIC DEW,MAGIC DEW/MANAKAMANA FRUIT& BEVERAG /PET 250/RS 50,50,250ML,PET,Sales Deviation is OK,1687226307365-manakamana fruit - beverage-np-magic dew#3.png
202306,2,425723210111,42572020003,1686064133681,134,CG FOODS- NEPAL,RIO JUICE & GLUCOSE,RIO/CG FOODS /JUICE/TPK180+20ML EXTRA/RS25,25,RS25,TPK,Sales Deviation is OK,
202306,8,5230210003,523020810003,1687242428513,118,NEPAL M.D FOOD & BEVERAGE-NEPAL,MAZZAKO DEW,MAZZAKO DEW/500ML/PBT,75,"500ML ",PBT,Sales Deviation is OK,1687242428513-nepal m-d food - beverage-nepal-mazzako dew#3.png
202306,2,129371866,12201020026,1687229906532,134,SUNSARI FOOD & BEVERAGE UDHYOG NEPAL,AQUA DIAMOND,"AQUA DIAMOND  ",20,1LTR,PET,Sales Deviation is OK,1687229906532-sunsari food - beverage udhyog nepal-aqua diamond#3.png
202306,2,126709011,31101020072,1687254902720,134,LEKHANATH FOOD BEVERAGE- NEPAL,LAKECITY,LAKECITY\2000MLJAR\RS:60\LEKHANATHFOOD & BEVRAGE PVT.LTD NEPAL,50,2000ML,JAR,Sales Deviation is OK,1687254902720-lekhanath food beverage- nepal-lakecity#3.png
202306,2,131347003,31101020110,1687247787010,134,SOUTH ASIAN BEVERAGES P. LTD-NEPAL,APPY,APPY FIZZ\160ML\PET\RS:30\SOUTH ASIAN BEVRAGES PVT.LTD NEPAL,30,1600ML,PET,,1687247787010-south asian beverages p- ltd-nepal-appy#3.png
202306,2,131347003,31101020110,1687247697163,134,SOUTH ASIAN BEVERAGES P. LTD-NEPAL,APPY,APPY FIZZ\250ML\PET\RS:50\SOUTH ASIAN BEVRAGES PVT LTD.NEPAL,50,250ML,PET,,1687247697163-south asian beverages p- ltd-nepal-appy#3.png
202306,3,3110102652,31101030426,1686297313972,125,PUJA TOBACCO PACKING INDUSTRIES,"TAJA ",TAJA SUPER POWER\8GM\PPH\RS:20\PUJA TOBACCO PACKING INDUSTRY NEPAL,20,8GM,PPH,Sales Deviation is OK,
202306,3,3110102665,31101030277,1687164306572,125,SHREE RAM TOBACCO UDHYOG,ZIT SUPER POWER,ZIT SUPER POWER\7GM\PPH\RS:20\SHREERAM TOBACCO UDHYOG PVT.LTD NEPAL,20,7GM,PPH,New SKU,1687164306572-shree ram tobacco udhyog-zit super power#3.png
202306,2,132803597,31303020004,1686815742965,134,THAI VICTOR FOOD CO.LTD-THAILAND,JOINER,JOINER-LYCHEE PET 320ML,150,320ML,PET,,1686815742965-thai victor food co-ltd-thailand-joiner#3.png
202306,2,132803597,31303020004,1686640736592,134,THAI VICTOR FOOD CO.LTD-THAILAND,JOINER,JOINER-RED APPLE PBT 320ML,150,320ML,"PBT ",,1686640736592-thai victor food co-ltd-thailand-joiner#3.png
202306,2,132803597,31303020004,1686640539821,134,THAI VICTOR FOOD CO.LTD-THAILAND,JOINER,JOINER-ORANGE PBT 320ML,150,320ML,"PBT ",,1686640539821-thai victor food co-ltd-thailand-joiner#3.png
202306,2,128587427,52203020002,1687142180027,118,"LS WATER & BEVERAGE-NEPAL ",IMJA SODA,IMJA SODA/500ML/PBT,70,"500ML ",PBT,,1687142180027-ls water - beverage-nepal -imja soda#3.png
202306,2,231732610191,23173020010,1686914613191,134,PEPSICO INDIA-INDIA,SLICE,"SLICE\250ML\PBT\MANGO ",32,250ML,PBT,,
202306,2,123117800,31101020078,1687070754230,134,THAI VICTOR FOOD CO.LTD-THAILAND,JOINER,JOINER PINAPPLE\320ML\PET\RS:140\THAI VICTOR FOOD CO.LTD THAILAND,140,320ML,PET,New SKU,1687070754230-thai victor food co-ltd-thailand-joiner#3.png
202306,2,126703975,22202020005,1687072627562,134,"VIBHA BEVERAGE PVT.LTD NEPAL ",VODA,"VODA\1000ML\PBT\MINERAL WATER ",25,1000ML,PBT,Sales Deviation is OK,1687072627562-vibha beverage pvt-ltd nepal -voda#3.png
202306,2,425393010107,42539020003,1686064133681,134,CG FOODS- NEPAL,RIO JUICE & GLUCOSE,RIO/CG FOODS /JUICE/TPK180+20ML EXTRA/RS25,25,RS25,TPK,Sales Deviation is OK,
202306,2,425393910102,42539020002,1686064133681,134,CG FOODS- NEPAL,RIO JUICE & GLUCOSE,RIO/CG FOODS /JUICE/TPK180+20ML EXTRA/RS25,25,RS25,TPK,Sales Deviation is OK,1686064133681-cg foods- nepal-rio juice - glucose#3.png
202306,2,113111235,21102020029,1687069815654,134,SURYODAYA DAIRY UDHYOG-NEPAL,HYGEN MANIA,HYGEN MANIA/BADAM DRINK/CAN/180ML/RS90,90,180 ML,CAN,,1687069815654-suryodaya dairy udhyog-nepal-hygen mania#3.png
202306,2,127273455,22202020007,1686969262901,134,BALAJI DRINKING WATER UDHYG-NP,BALAJI,"BALAJI\500ML\PBT\MINERAL WATER ",18,500ML,PBT,Sales Deviation is OK,1686969262901-balaji drinking water udhyg-np-balaji#3.png
202306,2,128877778,12201020015,1686655887416,134,DIBYASWORI JAL UDHYOG-NEPAL,BALLA,BALLA,20,1LTR,PET,Sales Deviation is OK,1686655887416-dibyaswori jal udhyog-nepal-balla#3.png
202306,2,128189766,31101020097,1686902897103,134,G3 BEVERAGE PVT LTD-NEPAL,GORKHALI,GORKHALI-PET 500ML,20,500ML,PET,,1686902897103-g3 beverage pvt ltd-nepal-gorkhali#3.png
202306,3,3110102993,31101030463,1686898196835,125,SONA TOBACCO UDHYOG PVT LTD.,AMBE,AMBE PREMIUM READYMADE KHAINI PPH 16 GM,351,16 GM,PPH,,1686898196835-sona tobacco udhyog pvt ltd--ambe#3.png
202306,2,130911248,31101020091,1686815742965,134,THAI VICTOR FOOD CO.LTD-THAILAND,JOINER,JOINER-LYCHEE PET 320ML,150,320ML,PET,,1686815742965-thai victor food co-ltd-thailand-joiner#3.png
202306,2,126803333,22202020031,1686914613191,134,PEPSICO INDIA-INDIA,SLICE,"SLICE\250ML\PBT\MANGO ",40,250ML,PBT,Sales Deviation is OK,1686914613191-pepsico india-india-slice#3.png
202306,2,114622103,21102020006,1686898105345,134,HYGEN PACKS NEPAL PVT LTD-NEPAL,MANIA WILD ENERGY DRINK,MANIA WILD ENERGY DRINK/80ML EXTRA/CAN/250ML/,150,250ML+80ML,CAN,,1686898105345-hygen packs nepal pvt ltd-nepal-mania wild energy drink#3.png
202306,2,124650089,31101020099,1686815742965,134,THAI VICTOR FOOD CO.LTD-THAILAND,JOINER,JOINER-LYCHEE PET 320ML,150,320ML,PET,,1686815742965-thai victor food co-ltd-thailand-joiner#3.png
202306,2,124650089,31101020099,1686816973421,134,THAI VICTOR FOOD CO.LTD-THAILAND,JOINER,JOINER-CANTALOUPE PET 320ML,150,320ML,PET,,1686816973421-thai victor food co-ltd-thailand-joiner#3.png
202306,2,435785210006,43578020004,1686813648197,118,DYNAMIC WATER & BEVERAGE-NPL,DEMAND FUN,DEMAND FUN/DYNAMIC WATER/PET250ML/RS35,35,RS 35,PET,Sales Deviation is OK,1686813648197-dynamic water - beverage-npl-demand fun#3.png
202306,2,130675914,31101020077,1686640736592,134,THAI VICTOR FOOD CO.LTD-THAILAND,JOINER,JOINER-RED APPLE PBT 320ML,150,320ML,"PBT ",,1686640736592-thai victor food co-ltd-thailand-joiner#3.png
202306,2,130675914,31101020077,1686640539821,134,THAI VICTOR FOOD CO.LTD-THAILAND,JOINER,JOINER-ORANGE PBT 320ML,150,320ML,"PBT ",,1686640539821-thai victor food co-ltd-thailand-joiner#3.png
202306,2,130675914,31101020077,1686640105866,134,"POKHARA NATURAL FOODS & BEVERAGE PVT LTD ",GLAZE,GLAZE PBT 1 LTR,25,1 L,"PBT ",,1686640105866-pokhara natural foods - beverage pvt ltd -glaze#3.png
202306,2,232113810229,23211020002,1686646921734,134,GAUSHALA BISLERY COMPANY P.LTD NEPAL,BISLERY,"BISLERY\1000ML\PBT\MINERAL WATER ",25,1000ML,PBT,Sales Deviation is OK,1686646921734-gaushala bislery company p-ltd nepal-bislery#3.png
202306,2,130258571,52303020007,1686536158723,118,CAVA FOODS & BEVERAGES-INDIA,"CAVA ORANGE ",CAVA ORANGE/250ML/PBT,20,"250ML ",PBT,Sales Deviation is OK,1686536158723-cava foods - beverages-india-cava orange #3.png
202306,3,3110102779,31101030400,1686297313972,125,PUJA TOBACCO PACKING INDUSTRIES,"TAJA ",TAJA SUPER POWER\8GM\PPH\RS:20\PUJA TOBACCO PACKING INDUSTRY NEPAL,20,8GM,PPH,Sales Deviation is OK,
202306,3,3110101957,31101030486,1686297313972,125,PUJA TOBACCO PACKING INDUSTRIES,"TAJA ",TAJA SUPER POWER\8GM\PPH\RS:20\PUJA TOBACCO PACKING INDUSTRY NEPAL,20,8GM,PPH,Sales Deviation is OK,1686297313972-puja tobacco packing industries-taja #3.png
202306,2,129173662,32201020018,1686195784188,134,NEPAL SOFT DRINKS UDHYOG-NEPAL,SWAAD LITCHI DRINK,SWAAD LITCHI DRINK/PBT/125ML+25ML/RS20/NEPAL SOFT DRINKS UDHYOG-NEPAL,20,125ML+25ML,PBT,,1686195784188-nepal soft drinks udhyog-nepal-swaad litchi drink#3.png
202306,2,111509030,12101020021,1686109155842,134,SUNSARI FOOD & BEVERAGE UDHYOG NEPAL,AQUA DIAMOND,AQUA DIAMOND PROCESSED DRINKING WATER - PBT 1000 ML.SUNSARI FOOD & BEVERAGE UDHYOD NEPAL,20,1000 ML.,PBT,Sales Deviation is OK,1686109155842-sunsari food - beverage udhyog nepal-aqua diamond#3.png
202306,2,126758637,32201020029,1686115934891,134,HYGEN PACKS NEPAL PVT LTD-NEPAL,FIZZY MANIA,FIZZY MANIA/PBT/250ML/50/APPLE JUICE/HYGEN PACKS NEPAL PVT LTD-NEPAL,50,250ML,PBT,,1686115934891-hygen packs nepal pvt ltd-nepal-fizzy mania#3.png
202306,2,126772392,52202020001,1686031679858,134,"KGN DRINKING WATER INDUSTRIES NEPAL ",KGN,KGN PROCESSED DRINKING WATER/20000ML/PBT,80,20000ML,PBT,Sales Deviation is OK,1686031679858-kgn drinking water industries nepal -kgn#3.png
202306,2,112202294,42303020015,1685944324309,134,CG FOODS- NEPAL,RIO MANGO,RIO/CGFOODS/MANGO ALFONSO/TPK /RS 25200,25,200ML,TPK,Sales Deviation is OK,1685944324309-cg foods- nepal-rio mango#3.png
202306,2,116596450,42303020016,1685944324309,134,CG FOODS- NEPAL,RIO MANGO,RIO/CGFOODS/MANGO ALFONSO/TPK /RS 25200,25,200ML,TPK,Sales Deviation is OK,
