itemcode,itemdesc,catcode,category,company,brand,packaging,flavor,color,qty,uomdesc,pack_size,launchdate,audittype
30001,RED LION GIFT ASSORTMENT 350 GM (ADJ DISTRIBUTORS),6,BISCUITS,ADJ DISTRIBUTORS,RED LION GIFT ASSORTMENT,CDBOX,,,350.0,GM,350.00 GM,201301.0,1
30002,REDLION GIFT ASSORTM 400 GM (ADJ DISTRIBUTORS),6,BISCUITS,ADJ DISTRIBUTORS,RED LION GIFT ASSORTMENT,CDBOX,,,400.0,GM,400.00 GM,200901.0,1
30003,SIGMA GIFT SELECTION 360 GM,6,BISCUITS,ASIA AGRO FOODS (PVT) LTD,SIGMA GIFT SELECTION,CDBOX,,,360.0,GM,360.00 GM,201808.0,1
30004,BISCO FIRST CHOICE CLASSIC 300 GM,6,BISCUITS,BISCO FOODS (PVT) LTD,BISCO FIRST CHOICE CLASSIC,CDBOX,,,300.0,GM,300.00 GM,201705.0,1
30006,KIST GIFT ASSORTMENT 400 GM,6,BISCUITS,CARGILLS QUALITY DAIRIES (PVT) LTD,KIST GIFT ASSORTMENT,CDBOX,,,400.0,GM,400.00 GM,201401.0,1
30007,KIST TEA TIME ASSORTMENT 150 GM,6,BISCUITS,CARGILLS QUALITY DAIRIES (PVT) LTD,KIST TEA TIME ASSORTMENT,CDBOX,,,150.0,GM,150.00 GM,201703.0,1
30009,KIST TEA TIME ASSORTMENT 300 GM CDBOX,6,BISCUITS,CARGILLS QUALITY DAIRIES (PVT) LTD,KIST TEA TIME ASSORTMENT,CDBOX,,,300.0,GM,300.00 GM,201612.0,1
30010,KIST TEA TIME ASSORTMENT 340 GM CDBOX,6,BISCUITS,CARGILLS QUALITY DAIRIES (PVT) LTD,KIST TEA TIME ASSORTMENT,CDBOX,,,340.0,GM,340.00 GM,201412.0,1
30011,MUNCHEE GIFT ASSORTMENT 400 GM,6,BISCUITS,CEYLON BISCUITS LIMITED,MUNCHEE GIFT ASSORTMENT,TIN,,,400.0,GM,400.00 GM,,1
30012,MUNCHEE TEA TIME ASSORTMENT 200 GM,6,BISCUITS,CEYLON BISCUITS LIMITED,MUNCHEE TEA TIME ASSORTMENT,CDBOX,,,200.0,GM,200.00 GM,,1
30013,CHERISH GIFT ASSORTMENT 400 GM,6,BISCUITS,CHERISH BISCUIT (PVT) LTD,CHERISH GIFT ASSORTMENT,PLPCH,,,400.0,GM,400.00 GM,200810.0,1
30014,CHERISH TEA TIME 200 GM,6,BISCUITS,CHERISH BISCUIT (PVT) LTD,CHERISH TEA TIME,CDBOX,,,200.0,GM,200.00 GM,,1
30018,DAINTEE GIFT ASSORTMENT 340 GM,6,BISCUITS,DAINTEE LIMITED,DAINTEE GIFT ASSORT,CDBOX,,,340.0,GM,340.00 GM,201509.0,1
30019,DAINTEE TEA TIME ASSORTMENT 160 GM CDBOX,6,BISCUITS,DAINTEE LIMITED,DAINTEE TEA TIME ASSORTMENT,CDBOX,,,160.0,GM,160.00 GM,201205.0,1
30022,DIANA FAMILY TREAT BISCUIT ASSORTMENT 250 GM,6,BISCUITS,DIANA TRADING CO.(PVT) LTD,DIANA FAMILY TREAT,CDBOX,,,250.0,GM,250.00 GM,201603.0,1
30023,DIANA GIFT SELECTION ASSORTMENT BISCUTS 380 GM,6,BISCUITS,DIANA TRADING CO.(PVT) LTD,DIANA GIFT SELECTION,CDBOX,,,380.0,GM,380.00 GM,201412.0,1
30026,DIANA TEA TIME 160 GM,6,BISCUITS,DIANA TRADING CO.(PVT) LTD,DIANA TEA TIME,PLPCH,,,160.0,GM,160.00 GM,201202.0,1
30032,LUCKYLAND GIFT SELECTION ASSORTMENT 300 GM,6,BISCUITS,LUCKYLAND BISCUITS MFS,LUCKYLAND GIFT SELECTION ASSORTMENT,CDBOX,,,300.0,GM,300.00 GM,201508.0,1
30033,LUCKYLAND GIFT SELECTION ASSORTMENT 350 GM,6,BISCUITS,LUCKYLAND BISCUITS MFS,LUCKYLAND GIFT SELECTION ASSORTMENT,CDBOX,,,350.0,GM,350.00 GM,201704.0,1
30034,LUCKYLAND FESTIVAL COLLECTIONS ASSORTMENT 250 GM,6,BISCUITS,LUCKYLAND BISCUITS MFS,LUCKYLAND FESTIVAL COLLECTIONS,CDBOX,,,250.0,GM,250.00 GM,201704.0,1
30036,LUCKYLAND TEA TIME 200 GM,6,BISCUITS,LUCKYLAND BISCUITS MFS,LUCKYLAND TEA TIME,CDBOX,,,200.0,GM,200.00 GM,,1
30038,MALIBAN BISCUIT ASSORTMENT TIN 500 GM,6,BISCUITS,MALIBAN BISCUIT MANUFACTORIES,MALIBAN BISCUIT ASSORTMENT,TIN,,,500.0,GM,500.00 GM,,1
30039,MALIBAN CLASSIQUE BISCUIT ASSORTMENT TIN 500 GM,6,BISCUITS,MALIBAN BISCUIT MANUFACTORIES,MALIBAN CLASSIQUE BISCUIT ASSORTMENT,TIN,,,500.0,GM,500.00 GM,201304.0,1
30041,MALIBAN FAMILY COLLECTION BISCUIT ASSORTMENT 250 GM,6,BISCUITS,MALIBAN BISCUIT MANUFACTORIES,MALIBAN FAMILY COLLECTION BISCUIT ASSORT,CDBOX,,,250.0,GM,250.00 GM,201603.0,1
30042,MALIBAN GIFT SELECTION 400 GM CDBOX,6,BISCUITS,MALIBAN BISCUIT MANUFACTORIES,MALIBAN GIFT SELECTION,CDBOX,,,400.0,GM,400.00 GM,200302.0,1
30043,MALIBAN TEA TIME ASSORTMENT 200 GM,6,BISCUITS,MALIBAN BISCUIT MANUFACTORIES,MALIBAN TEA TIME ASSORTMENT,CDBOX,,,200.0,GM,200.00 GM,,1
30045,MACLEE GIFT SELECTION 300 GM CDBOX (MANCHESTER FOODS),6,BISCUITS,MANCHESTER FOODS (PVT) LTD,MACLEE GIFT SELECTION,CDBOX,,,300.0,GM,300.00 GM,201805.0,1
30047,MIC MAC GIFT SELECTION 165 GM CDBOX,6,BISCUITS,MICMAC FOOD (PVT) LTD,MIC MAC GIFT SELECTION,CDBOX,,,165.0,GM,165.00 GM,201205.0,1
30048,MIC MAC GIFT SELECTION 365 GM,6,BISCUITS,MICMAC FOOD (PVT) LTD,MIC MAC GIFT SELECTION,CDBOX,,,365.0,GM,365.00 GM,201301.0,1
30049,MIC MAC TEA TIME 165 GM,6,BISCUITS,MICMAC FOOD (PVT) LTD,MIC MAC TEA TIME,CDBOX,,,165.0,GM,165.00 GM,201302.0,1
30051,MIYAMI TEA TIME BISCUIT ASSORTMENT 180 GM CDBOX,6,BISCUITS,MIYAMI BISCUIT & SNACKS MNFT,MIYAMI TEA TIME ASSORTMENT,CDBOX,,,180.0,GM,180.00 GM,201904.0,1
30052,MASTER BAKERS GIFT ASSORTMENT 350 GM CDBOX (MM FOODS),6,BISCUITS,MM FOODS (PVT) LTD,MASTER BAKERS GIFT ASSORTMENT,CDBOX,,,350.0,GM,350.00 GM,201805.0,1
30053,MASTER BAKERS GIFT SELECTION 350 GM CDBOX (MM FOODS),6,BISCUITS,MM FOODS (PVT) LTD,MASTER BAKERS GIFT SELECTION,CDBOX,,,350.0,GM,350.00 GM,201704.0,1
30055,MASTER BAKERS FAMILY ASSORTMENT 250 GM TIN (MM FOODS),6,BISCUITS,MM FOODS (PVT) LTD,MASTER BAKERS FAMILY ASSORTMENT,TIN,,,250.0,GM,250.00 GM,201805.0,1
30056,BAKERMANN'S GIFT SELECTION ASSORTMENT BISCUITS 300 GM,6,BISCUITS,ORIENT LANKA CONFECTIONERY,BAKERMANN'S GIFT SELEC. ASSORTM.,CDBOX,,,300.0,GM,300.00 GM,201804.0,1
30060,RICH GIFT SELECTION ASSORTMENT 300 GM CDBOX,6,BISCUITS,ORIENT LANKA CONFECTIONERY,RICH GIFT SELECTION ASSORTMENT,CDBOX,,,300.0,GM,300.00 GM,201805.0,1
30061,RICH TEA TIME ASSORTMENT OF BISCUITS 150 GM CDBOX,6,BISCUITS,ORIENT LANKA CONFECTIONERY,RICH TEA TIME ASSORTMENT,CDBOX,,,150.0,GM,150.00 GM,201902.0,1
30064,RASHIKA GIFT ASSORTMENT 420 GM,6,BISCUITS,RASHIKA TRADING (PVT) LTD,RASHIKA GIFT ASSORTMENT,CDBOX,,,420.0,GM,420.00 GM,202001.0,1
30069,SUN RICH TEA TIME ASSORTMENT 200 GM CDBOX,6,BISCUITS,SUNRICH CONFECTIONERY (PVT) LTD,SUN RICH TEA TIME,CDBOX,,,200.0,GM,200.00 GM,201601.0,1
30070,SUN RICH GIFT SELECTION 250 GM,6,BISCUITS,SUNRICH CONFECTIONERY (PVT) LTD,SUN RICH GIFT SELECTION,CDBOX,,,250.0,GM,250.00 GM,202006.0,1
30071,SUN RICH GIFT SELECTION 400 GM,6,BISCUITS,SUNRICH CONFECTIONERY (PVT) LTD,SUN RICH GIFT SELECTION,CDBOX,,,400.0,GM,400.00 GM,201603.0,1
30072,TEEMAH GIFT SELECTION 300 GM,6,BISCUITS,TEEMAH BISCUITS MANUFACTURE,TEEMAH GIFT SELECTION,CDBOX,,,300.0,GM,300.00 GM,201907.0,1
30073,TEEMAH GIFT SELECTION 400 GM,6,BISCUITS,TEEMAH BISCUITS MANUFACTURE,TEEMAH GIFT SELECTION,CDBOX,,,400.0,GM,400.00 GM,201512.0,1
30074,TEEMAH TEA TIME ASSORTMENT BISCUITS 300 GM,6,BISCUITS,TEEMAH BISCUITS MANUFACTURE,TEEMAH TEA TIME ASSORTMENT,CDBOX,,,300.0,GM,300.00 GM,201603.0,1
30075,TURNEY GIFT COLLECTION 300 GM (TURNEY BIS.),6,BISCUITS,TURNEY BISCUITS MANUFACTERIES,TURNEY GIFT COLLECTION,CDBOX,,,300.0,GM,300.00 GM,201904.0,1
30077,TURNEY GIFT ASSORTMENT 275 GM (TURNEY BIS.),6,BISCUITS,TURNEY BISCUITS MANUFACTERIES,TURNEY GIFT ASSORTMENT,CDBOX,,,275.0,GM,275.00 GM,201904.0,1
30078,TURNEY GIFT ASSORTMENT 300 GM (TURNEY BIS.),6,BISCUITS,TURNEY BISCUITS MANUFACTERIES,TURNEY GIFT ASSORTMENT,CDBOX,,,300.0,GM,300.00 GM,201403.0,1
30079,TURNEY GIFT ASSORTMENT 320 GM (TURNEY BIS.),6,BISCUITS,TURNEY BISCUITS MANUFACTERIES,TURNEY GIFT ASSORTMENT,CDBOX,,,320.0,GM,320.00 GM,201705.0,1
30080,TURNEY GIFT ASSORTMENT 400 GM (TURNEY BIS.),6,BISCUITS,TURNEY BISCUITS MANUFACTERIES,TURNEY GIFT ASSORTMENT,CDBOX,,,400.0,GM,400.00 GM,201604.0,1
30082,TURNEY TEA TIME 170 GM CDBOX (TURNEY BIS.),6,BISCUITS,TURNEY BISCUITS MANUFACTERIES,TURNEY TEA TIME,CDBOX,,,170.0,GM,170.00 GM,201902.0,1
30083,USWATTE GIFT ASSORTMENT 380 GM CDBOX,6,BISCUITS,USWATTE CONFECTIONERY,USWATTE GIFT ASSORTMENT,CDBOX,,,380.0,GM,380.00 GM,201901.0,1
30084,USWATTE TEA TIME BISCUIT ASSORTMENT 190 GM CDBOX,6,BISCUITS,USWATTE CONFECTIONERY,USWATTE TEA TIME BISC. ASSORTMENT,CDBOX,,,190.0,GM,190.00 GM,201901.0,1
30085,BISCO BATTER DELIGHT 45 GM,6,BISCUITS,BISCO FOODS (PVT) LTD,BISCO BATTER DELIGHT,PLPCH,,,45.0,GM,45.00 GM,201809.0,1
30086,BISCO BATTER DELIGHT 50 GM,6,BISCUITS,BISCO FOODS (PVT) LTD,BISCO BATTER DELIGHT,PLPCH,,,50.0,GM,50.00 GM,201703.0,1
30087,MUNCHEE CHOCOLATE CAROLS COOKIES 100 GM,6,BISCUITS,CEYLON BISCUITS LIMITED,MUNCHEE CHOCOLATE CAROLS,PLPCH,,,100.0,GM,100.00 GM,201306.0,1
30088,MUNCHEE CHOCOLATE CAROLS COOKIES 275 GM,6,BISCUITS,CEYLON BISCUITS LIMITED,MUNCHEE CHOCOLATE CAROLS,PLPCH,,,275.0,GM,275.00 GM,201306.0,1
30089,MUNCHEE CHOCOLATE CAROLS COOKIES 300 GM,6,BISCUITS,CEYLON BISCUITS LIMITED,MUNCHEE CHOCOLATE CAROLS,PLPCH,,,300.0,GM,300.00 GM,201906.0,1
30090,MUNCHEE CRUNCHEE CAROLS COOKIES 100 GM,6,BISCUITS,CEYLON BISCUITS LIMITED,MUNCHEE CRUNCHEE CAROLS,PLPCH,,,100.0,GM,100.00 GM,201211.0,1
30091,MUNCHEE CRUNCHEE CAROLS COOKIES 275 GM,6,BISCUITS,CEYLON BISCUITS LIMITED,MUNCHEE CRUNCHEE CAROLS,PLPCH,,,275.0,GM,275.00 GM,201212.0,1
30092,MUNCHEE CRUNCHEE CAROLS COOKIES 300 GM,6,BISCUITS,CEYLON BISCUITS LIMITED,MUNCHEE CRUNCHEE CAROLS,PLPCH,,,300.0,GM,300.00 GM,201904.0,1
30097,DAINTEE BATTER CAROLS 400 GM,6,BISCUITS,DAINTEE LIMITED,DAINTEE BATTER CAROLS,PLPCH,,,400.0,GM,400.00 GM,201003.0,1
30101,LITTLE LION BATTER CAROL COOKIES 100 GM,6,BISCUITS,LITTLE LION ASSOCIATES,LITTLE LION BATTER CAROL,PLPCH,,,100.0,GM,100.00 GM,201109.0,1
30102,LITTLE LION BATTER CAROL COOKIES 110 GM,6,BISCUITS,LITTLE LION ASSOCIATES,LITTLE LION BATTER CAROL,PLPCH,,,110.0,GM,110.00 GM,201701.0,1
30103,LITTLE LION BATTER CAROL COOKIES 270 GM,6,BISCUITS,LITTLE LION ASSOCIATES,LITTLE LION BATTER CAROL,PLPCH,,,270.0,GM,270.00 GM,201707.0,1
30104,LITTLE LION BATTER CAROL COOKIES 275 GM,6,BISCUITS,LITTLE LION ASSOCIATES,LITTLE LION BATTER CAROL,PLPCH,,,275.0,GM,275.00 GM,201012.0,1
30105,LITTLE LION BATTER CAROL COOKIES 360 GM,6,BISCUITS,LITTLE LION ASSOCIATES,LITTLE LION BATTER CAROL,PLPCH,,,360.0,GM,360.00 GM,201707.0,1
30106,LITTLE LION BATTER CAROL COOKIES 400 GM,6,BISCUITS,LITTLE LION ASSOCIATES,LITTLE LION BATTER CAROL,PLPCH,,,400.0,GM,400.00 GM,201011.0,1
30107,LITTLE LION BATTER CAROL COOKIES 450 GM,6,BISCUITS,LITTLE LION ASSOCIATES,LITTLE LION BATTER CAROL,PLPCH,,,450.0,GM,450.00 GM,201707.0,1
30108,LITTLE LION BATTER CAROL COOKIES 455 GM,6,BISCUITS,LITTLE LION ASSOCIATES,LITTLE LION BATTER CAROL,PLPCH,,,455.0,GM,455.00 GM,201203.0,1
30109,LITTLE LION BATTER CAROL COOKIES 95 GM PLPCH,6,BISCUITS,LITTLE LION ASSOCIATES,LITTLE LION BATTER CAROL,PLPCH,,,95.0,GM,95.00 GM,201809.0,1
30110,LUCKYLAND BUTTER CAROL 100 GM,6,BISCUITS,LUCKYLAND BISCUITS MFS,LUCKYLAND BUTTER CAROL,PLPCH,,,100.0,GM,100.00 GM,200511.0,1
30111,MAAM (MAAM BIS.) BETTER CAROLS 220 GM,6,BISCUITS,MAAM BISCUITS LANKA (PVT) LTD,MAAM BETTER CARROL,PLPCH,,,220.0,GM,220.00 GM,201710.0,1
30112,MAAM BETTER CAROLS 270 GM (ORIENT LANKA),6,BISCUITS,ORIENT LANKA CONFECTIONERY,MAAM BETTER CARROL,PLPCH,,,270.0,GM,270.00 GM,201408.0,1
30114,RICH BETTER CAROL 220 GM,6,BISCUITS,ORIENT LANKA CONFECTIONERY,RICH BETTER CAROL,PLPCH,,,220.0,GM,220.00 GM,201902.0,1
30115,RICH CHOCOLATE CAROL 220 GM,6,BISCUITS,ORIENT LANKA CONFECTIONERY,RICH CHOCOLATE CAROL,PLPCH,,,220.0,GM,220.00 GM,202003.0,1
30118,MUNCHEE CHOC SHOCK 30 GM CDBOX CHOCOLATE CENTERED BISCUIT,6,BISCUITS,CEYLON BISCUITS LIMITED,MUNCHEE CHOC SHOCK,CDBOX,,,30.0,GM,30.00 GM,201809.0,1
30119,MUNCHEE CHOC SHOCK 90 GM CDBOX CHOCOLATE CENTERED BISCUIT,6,BISCUITS,CEYLON BISCUITS LIMITED,MUNCHEE CHOC SHOCK,CDBOX,,,90.0,GM,90.00 GM,201809.0,1
30120,MUNCHEE WRAPS PREMIUM ASSORTMENT CLASSIC COOKIES 150 GM CDBOX,6,BISCUITS,CEYLON BISCUITS LIMITED,MUNCHEE WRAPS PREMIUM,CDBOX,,,150.0,GM,150.00 GM,201912.0,1
30121,MALIBAN REAL TEMPTATION CHOCOLATE FILLED BISCUITS 90 GM,6,BISCUITS,MALIBAN BISCUIT MANUFACTORIES,MALIBAN REAL TEMPTATION,CDBOX,,,90.0,GM,90.00 GM,201502.0,1
30122,MALIBAN REAL TEMPTATION COFFEE FILLED BISCUITS 90 GM,6,BISCUITS,MALIBAN BISCUIT MANUFACTORIES,MALIBAN REAL TEMPTATION,CDBOX,,,90.0,GM,90.00 GM,201803.0,1
30123,MALIBAN REAL TEMPTATION WHITE CHOCOLATE 90 GM,6,BISCUITS,MALIBAN BISCUIT MANUFACTORIES,MALIBAN REAL TEMPTATION,CDBOX,,,90.0,GM,90.00 GM,201612.0,1
30124,MUNCHEE HAWAIAN COOKIES 100 GM,6,BISCUITS,CEYLON BISCUITS LIMITED,MUNCHEE HAWAIAN COOKIES,PLPCH,,,100.0,GM,100.00 GM,200507.0,1
30125,MUNCHEE HAWAIAN COOKIES 200 GM,6,BISCUITS,CEYLON BISCUITS LIMITED,MUNCHEE HAWAIAN COOKIES,PLBAG,,,200.0,GM,200.00 GM,,1
30126,MUNCHEE T20 BISCUIT 38 GM,6,BISCUITS,CEYLON BISCUITS LIMITED,MUNCHEE T20,PLPCH,,,38.0,GM,38.00 GM,202007.0,1
30127,CROWN COCONUT CRUNCH 100 GM,6,BISCUITS,CROWN BISCUITS MANUFACTOR,CROWN COCONUT CRUNCH,PLPCH,,,100.0,GM,100.00 GM,200906.0,1
30128,CROWN COCONUT CRUNCH 200 GM,6,BISCUITS,CROWN BISCUITS MANUFACTOR,CROWN COCONUT CRUNCH,PLWRP,,,200.0,GM,200.00 GM,200702.0,1
30129,CROWN COCONUT CRUNCH PLPCH 175 GM,6,BISCUITS,CROWN BISCUITS MANUFACTOR,CROWN COCONUT CRUNCH,PLPCH,,,175.0,GM,175.00 GM,201901.0,1
30130,DIANA HAWAII COOKIES 200 GM PLPCH,6,BISCUITS,DIANA TRADING CO.(PVT) LTD,DIANA HAWAII COOKIES,PLPCH,,,200.0,GM,200.00 GM,201306.0,1
30131,MALIBAN HAWAIIAN COOKIES 100 GM PLPCH,6,BISCUITS,MALIBAN BISCUIT MANUFACTORIES,MALIBAN HAWAIIAN COOKIES,PLPCH,,,100.0,GM,100.00 GM,201205.0,1
30132,MALIBAN HAWAIIAN COOKIES 200 GM PLPCH,6,BISCUITS,MALIBAN BISCUIT MANUFACTORIES,MALIBAN HAWAIIAN COOKIES,PLPCH,,,200.0,GM,200.00 GM,201206.0,1
30133,MIC MAC COCONUT TREAT 200 GM,6,BISCUITS,MICMAC FOOD (PVT) LTD,MIC MAC COCONUT TREAT,PLPCH,,,200.0,GM,200.00 GM,200510.0,1
30134,TURNEY COCONUT BIS BISCUITS 220 GM (TURNEY BIS.),6,BISCUITS,TURNEY BISCUITS MANUFACTERIES,TURNEY COCONUT-BIS,FLPCH,,,220.0,GM,220.00 GM,202006.0,1
30137,TURNEY COCONUT BIS BISCUITS 260 GM (TURNEY BIS.),6,BISCUITS,TURNEY BISCUITS MANUFACTERIES,TURNEY COCONUT-BIS,PLPCH,,,260.0,GM,260.00 GM,201804.0,1
30138,TURNEY COCONUT-BIS BISCUITS 180 GM (TURNEY BIS.),6,BISCUITS,TURNEY BISCUITS MANUFACTERIES,TURNEY COCONUT-BIS,PLPCH,,,180.0,GM,180.00 GM,201304.0,1
30139,TURNEY COCONUT-BIS BISCUITS 200 GM (TURNEY BIS.),6,BISCUITS,TURNEY BISCUITS MANUFACTERIES,TURNEY COCONUT-BIS,PLPCH,,,200.0,GM,200.00 GM,201210.0,1
30140,KIST MAGIC COOKIES BUTTER 120G PLPCH,6,BISCUITS,CARGILLS QUALITY DAIRIES (PVT) LTD,KIST MAGIC,PLPCH,,,120.0,GM,120.00 GM,202006.0,1
30141,KIST MAGIC CHOCOLATE CHIP COOKIES PLPCH 120 GM,6,BISCUITS,CARGILLS QUALITY DAIRIES (PVT) LTD,KIST MAGIC,PLPCH,,,120.0,GM,120.00 GM,201905.0,1
30142,KIST MAGIC COOKIES ASSORTMENT TIN 330 GM,6,BISCUITS,CARGILLS QUALITY DAIRIES (PVT) LTD,KIST MAGIC,TIN,,,330.0,GM,330.00 GM,201909.0,1
30143,KIST MAGIC MILK COOKIES PLPCH 120 GM,6,BISCUITS,CARGILLS QUALITY DAIRIES (PVT) LTD,KIST MAGIC,PLPCH,,,120.0,GM,120.00 GM,202002.0,1
30144,KIST MAGIC SESAME COOKIES PLPCH 120 GM,6,BISCUITS,CARGILLS QUALITY DAIRIES (PVT) LTD,KIST MAGIC,PLPCH,,,120.0,GM,120.00 GM,201905.0,1
30145,KIST MILKI COOKIES 120 GM,6,BISCUITS,CARGILLS QUALITY DAIRIES (PVT) LTD,KIST MILKI COOKIES,PLPCH,,,120.0,GM,120.00 GM,201905.0,1
30146,KIST MILKI COOKIES 300 GM,6,BISCUITS,CARGILLS QUALITY DAIRIES (PVT) LTD,KIST MILKI COOKIES,PLPCH,,,300.0,GM,300.00 GM,201806.0,1
30149,MUNCHEE GINGER ZING 100 GM,6,BISCUITS,CEYLON BISCUITS LIMITED,MUNCHEE GINGER BISCUIT,PLPCH,,,100.0,GM,100.00 GM,200805.0,1
30158,LITTLE LION PREMIUM BUTTER COOKIES 330 GM TIN,6,BISCUITS,LITTLE LION ASSOCIATES,LITTLE LION PREMIUM BUTTER COOKIES,TIN,,,330.0,GM,330.00 GM,201404.0,1
30159,LITTLE LION COOKIE RINGS 220 GM,6,BISCUITS,LITTLE LION ASSOCIATES,LITTLE LION COOKIE RINGS,PLPCH,,,220.0,GM,220.00 GM,201303.0,1
30160,LITTLE LION CHOCO CHIP COOKIES 75 GM,6,BISCUITS,LITTLE LION ASSOCIATES,LITTLE LION CHOCO CHIP COOKIES,PLPCH,,,75.0,GM,75.00 GM,201507.0,1
30162,LITTLE LION DARK FANTASY CHOCO COOKIES 350 GM TIN,6,BISCUITS,LITTLE LION ASSOCIATES,LITTLE LION DARK FANTASY,TIN,,,350.0,GM,350.00 GM,201408.0,1
30163,LITTLE LION MILKY COOKIES 200 GM,6,BISCUITS,LITTLE LION ASSOCIATES,LITTLE LION MILKY COOKIES,PLPCH,,,200.0,GM,200.00 GM,201308.0,1
30164,LITTLE LION MILKY COOKIES 400 GM,6,BISCUITS,LITTLE LION ASSOCIATES,LITTLE LION MILKY COOKIES,PLPCH,,,400.0,GM,400.00 GM,201309.0,1
30165,LITTLE LION CHOCO COOKIES 300 GM,6,BISCUITS,LITTLE LION ASSOCIATES,LITTLE LION CHOCO COOKIES,PLPCH,,,300.0,GM,300.00 GM,201002.0,1
30166,LITTLE LION CHOCO COOKIES 180 GM,6,BISCUITS,LITTLE LION ASSOCIATES,LITTLE LION CHOCO COOKIES,PLPCH,,,180.0,GM,180.00 GM,201403.0,1
30167,LITTLE LION MARIE COOKIES 240 GM,6,BISCUITS,LITTLE LION ASSOCIATES,LITTLE LION MARIE COOKIES,PLPCH,,,240.0,GM,240.00 GM,201802.0,1
30168,LITTLE LION MILKY COOKIES 240 GM,6,BISCUITS,LITTLE LION ASSOCIATES,LITTLE LION MILKY COOKIES,PLPCH,,,240.0,GM,240.00 GM,201911.0,1
30169,LITTLE LION REAL SHORTIES COOKIES 220 GM,6,BISCUITS,LITTLE LION ASSOCIATES,LITTLE LION REAL SHORTIES COOKIES,PLPCH,,,220.0,GM,220.00 GM,201901.0,1
30170,LITTLE LION REAL SHORTIES COOKIES 260 GM,6,BISCUITS,LITTLE LION ASSOCIATES,LITTLE LION REAL SHORTIES COOKIES,PLPCH,,,260.0,GM,260.00 GM,201601.0,1
30173,LITTLE LION VITA COOKIES 220 GM,6,BISCUITS,LITTLE LION ASSOCIATES,LITTLE LION VITA COOKIES,PLPCH,,,220.0,GM,220.00 GM,201401.0,1
30174,LITTLE LION VITA COOKIES 240 GM,6,BISCUITS,LITTLE LION ASSOCIATES,LITTLE LION VITA COOKIES,PLPCH,,,240.0,GM,240.00 GM,201708.0,1
30175,LITTLE LION GINGER COOKIES 175 GM,6,BISCUITS,LITTLE LION ASSOCIATES,LITTLE LION GINGER COOKIES,PLPCH,,,175.0,GM,175.00 GM,201407.0,1
30176,BAKERS FRESH MILK COOKIES 275 GM,6,BISCUITS,LUCKYLAND BISCUITS MFS,BAKERS FRESH MILK COOKIES,PLPCH,,,275.0,GM,275.00 GM,201705.0,1
30177,MALIBAN DOUBLE TWIST COOKIES 85 GM PLPCH,6,BISCUITS,MALIBAN BISCUIT MANUFACTORIES,MALIBAN DOUBLE TWIST,PLPCH,,,85.0,GM,85.00 GM,201902.0,1
30178,MALIBAN CHEKKERS COFFEE COOKIES 90 GM PLPCH,6,BISCUITS,MALIBAN BISCUIT MANUFACTORIES,MALIBAN CHEKKERS COFFEE,PLPCH,,,90.0,GM,90.00 GM,201910.0,1
30179,MALIBAN DANISH SELECT STYLE COOKIE ASSORTMENT TIN 475 GM,6,BISCUITS,MALIBAN BISCUIT MANUFACTORIES,MALIBAN DANISH SELECT,TIN,,,475.0,GM,475.00 GM,202002.0,1
30181,MIC MAC BUTTER NUT COOKIES 280 GM,6,BISCUITS,MICMAC FOOD (PVT) LTD,MIC MAC BUTTER NUT COOKIES,PLPCH,,,280.0,GM,280.00 GM,201608.0,1
30182,MIC MAC BUTTER NUT COOKIES 45 GM,6,BISCUITS,MICMAC FOOD (PVT) LTD,MIC MAC BUTTER NUT COOKIES,PLPCH,,,45.0,GM,45.00 GM,201611.0,1
30183,MIC MAC COCONUT COOKIES 240 GM,6,BISCUITS,MICMAC FOOD (PVT) LTD,MIC MAC COCONUT COOKIES,PLPCH,,,240.0,GM,240.00 GM,201903.0,1
30184,MIC MAC COCONUT COOKIES 280 GM,6,BISCUITS,MICMAC FOOD (PVT) LTD,MIC MAC COCONUT COOKIES,PLPCH,,,280.0,GM,280.00 GM,201609.0,1
30185,MIC MAC COCONUT COOKIES 45 GM,6,BISCUITS,MICMAC FOOD (PVT) LTD,MIC MAC COCONUT COOKIES,PLPCH,,,45.0,GM,45.00 GM,201610.0,1
30201,RASHIKA HAPPY COOKIES 240 GM,6,BISCUITS,RASHIKA TRADING (PVT) LTD,RASHIKA HAPPY COOKIES,PLPCH,,,240.0,GM,240.00 GM,201908.0,1
30202,RASHIKA HAPPY COOKIES 250 GM,6,BISCUITS,RASHIKA TRADING (PVT) LTD,RASHIKA HAPPY COOKIES,PLPCH,,,250.0,GM,250.00 GM,201208.0,1
30203,RASHIKA HAPPY COOKIES 260 GM,6,BISCUITS,RASHIKA TRADING (PVT) LTD,RASHIKA HAPPY COOKIES,PLPCH,,,260.0,GM,260.00 GM,201401.0,1
30204,SUN RICH MILKIES 360 GM,6,BISCUITS,SUNRICH CONFECTIONERY (PVT) LTD,SUN RICH MILKIES,PLPCH,,,360.0,GM,360.00 GM,201512.0,1
30205,SUN RICH MILKIES 44 GM,6,BISCUITS,SUNRICH CONFECTIONERY (PVT) LTD,SUN RICH MILKIES,PLPCH,,,44.0,GM,44.00 GM,201602.0,1
30206,VICHY GINGER COOKIES 100 GM,6,BISCUITS,VICHY COOKIES MANUFACTORS,VICHY GINGER COOKIES,PLPCH,,,100.0,GM,100.00 GM,201312.0,1
30207,VICHY GINGER COOKIES 240 GM TIN,6,BISCUITS,VICHY COOKIES MANUFACTORS,VICHY GINGER COOKIES,TIN,,,240.0,GM,240.00 GM,201312.0,1
30208,VICHY ASSORTED COOKI CRUNCHIES 350 GM,6,BISCUITS,VICHY COOKIES MANUFACTORS,VICHY ASSORTED COOKIES,PLPCH,,,350.0,GM,350.00 GM,200711.0,1
30210,VICHY BUTTER COOKIES 100 GM,6,BISCUITS,VICHY COOKIES MANUFACTORS,VICHY BUTTER COOKIES,PLPCH,,,100.0,GM,100.00 GM,201312.0,1
30211,VICHY BUTTER COOKIES 240 GM TIN,6,BISCUITS,VICHY COOKIES MANUFACTORS,VICHY BUTTER COOKIES,TIN,,,240.0,GM,240.00 GM,201312.0,1
30213,VICHY CHOCO.CHIP COOKIES 400 GM TIN,6,BISCUITS,VICHY COOKIES MANUFACTORS,VICHY CHOCOLATE CHIP COOKIES,TIN,,,400.0,GM,400.00 GM,200712.0,1
30214,VICHY CHOCOLATE CHIP COOKIES 240 GM TIN,6,BISCUITS,VICHY COOKIES MANUFACTORS,VICHY CHOCOLATE CHIP COOKIES,TIN,,,240.0,GM,240.00 GM,201401.0,1
30215,VICHY CHOCOLATE CHIP COOKIES PREMIUM TASTE 100 GM,6,BISCUITS,VICHY COOKIES MANUFACTORS,VICHY CHOCOLATE CHIP COOKIES,PLPCH,,,100.0,GM,100.00 GM,201312.0,1
30217,VICHY STRAWBERRY COOKIES 240 GM TIN,6,BISCUITS,VICHY COOKIES MANUFACTORS,VICHY STRAWBERRY COOKIES,TIN,,,240.0,GM,240.00 GM,201404.0,1
30223,KIST NIYAMA CREAM CRACKER 125 GM,6,BISCUITS,CARGILLS QUALITY DAIRIES (PVT) LTD,KIST NIYAMA CREAM CRACKER,PLPCH,,,125.0,GM,125.00 GM,201607.0,1
30224,KIST NIYAMA CREAM CRACKER 190 GM,6,BISCUITS,CARGILLS QUALITY DAIRIES (PVT) LTD,KIST NIYAMA CREAM CRACKER,PLPCH,,,190.0,GM,190.00 GM,201607.0,1
30225,KIST NIYAMA CREAM CRACKER 250 GM,6,BISCUITS,CARGILLS QUALITY DAIRIES (PVT) LTD,KIST NIYAMA CREAM CRACKER,PLPCH,,,250.0,GM,250.00 GM,201609.0,1
30226,KIST NIYAMA CREAM CRACKER 500 GM,6,BISCUITS,CARGILLS QUALITY DAIRIES (PVT) LTD,KIST NIYAMA CREAM CRACKER,PLPCH,,,500.0,GM,500.00 GM,201607.0,1
30227,MUNCHEE CHEESE CRACK 100 GM,6,BISCUITS,CEYLON BISCUITS LIMITED,MUNCHEE CHEESE CRACKER,PLPCH,,,100.0,GM,100.00 GM,201106.0,1
30228,MUNCHEE CHEESE CRACK 200 GM,6,BISCUITS,CEYLON BISCUITS LIMITED,MUNCHEE CHEESE CRACKER,PLPCH,,,200.0,GM,200.00 GM,201106.0,1
30229,MUNCHEE BRAN CRACKER 240 GM,6,BISCUITS,CEYLON BISCUITS LIMITED,MUNCHEE BRAN CRACKER,PLPCH,,,240.0,GM,240.00 GM,201106.0,1
30230,MUNCHEE BRAN CRACKER 160 GM,6,BISCUITS,CEYLON BISCUITS LIMITED,MUNCHEE BRAN CRACKER,PLPCH,,,160.0,GM,160.00 GM,201310.0,1
30231,MUNCHEE KURAKKAN CRACKER 100 GM,6,BISCUITS,CEYLON BISCUITS LIMITED,MUNCHEE KURAKKAN CRACKER,PLPCH,,,100.0,GM,100.00 GM,,1
30232,MUNCHEE POTATO CRACKER 110 GM,6,BISCUITS,CEYLON BISCUITS LIMITED,MUNCHEE POTATO CRACKER,PLPCH,,,110.0,GM,110.00 GM,201902.0,1
30233,MUNCHEE POTATO CRACKER 150 GM,6,BISCUITS,CEYLON BISCUITS LIMITED,MUNCHEE POTATO CRACKER,PLPCH,,,150.0,GM,150.00 GM,201707.0,1
30234,MUNCHEE SUN CRACKER 115 GM,6,BISCUITS,CEYLON BISCUITS LIMITED,MUNCHEE SUN CRACKER,PLPCH,,,115.0,GM,115.00 GM,201607.0,1
30235,MUNCHEE SUN CRACKER 135 GM,6,BISCUITS,CEYLON BISCUITS LIMITED,MUNCHEE SUN CRACKER,PLPCH,,,135.0,GM,135.00 GM,201707.0,1
30236,MUNCHEE SUN CRACKER 95 GM,6,BISCUITS,CEYLON BISCUITS LIMITED,MUNCHEE SUN CRACKER,PLPCH,,,95.0,GM,95.00 GM,201901.0,1
30237,MUNCHEE SUN CRACKER SALT & CRACKED PEPPER 7 GM,6,BISCUITS,CEYLON BISCUITS LIMITED,MUNCHEE SUN CRACKER,PLPCH,,,7.0,GM,7.00 GM,201907.0,1
30238,MUNCHEE SUN CRACKER SALT & CRACKED PEPPER 95 GM,6,BISCUITS,CEYLON BISCUITS LIMITED,MUNCHEE SUN CRACKER,PLPCH,,,95.0,GM,95.00 GM,201907.0,1
30239,MUNCHEE SUPER CRACKER 125 GM,6,BISCUITS,CEYLON BISCUITS LIMITED,MUNCHEE SUPER CREAM CRACKER,PLPCH,,,125.0,GM,125.00 GM,201106.0,1
30240,MUNCHEE SUPER CRACKER 190 GM,6,BISCUITS,CEYLON BISCUITS LIMITED,MUNCHEE SUPER CREAM CRACKER,PLBAG,,,190.0,GM,190.00 GM,,1
30242,MUNCHEE SUPER CREAM CRACKER ENRICHED WITH VITAMINS 490 GM,6,BISCUITS,CEYLON BISCUITS LIMITED,MUNCHEE SUPER CREAM CRACKER,PLPCH,,,490.0,GM,490.00 GM,201905.0,1
30243,MUNCHEE SUPER CREAM CRACKER HANDY PACK 230 GM,6,BISCUITS,CEYLON BISCUITS LIMITED,MUNCHEE SUPER CREAM CRACKER,PLPCH,,,230.0,GM,230.00 GM,201903.0,1
30244,MUNCHEE SUPER CREAM CRACKER HANDY PACK 250 GM,6,BISCUITS,CEYLON BISCUITS LIMITED,MUNCHEE SUPER CREAM CRACKER,PLPCH,,,250.0,GM,250.00 GM,201306.0,1
30245,MUNCHEE SUPER CREAM CRACKER HANDY PACK 330 GM,6,BISCUITS,CEYLON BISCUITS LIMITED,MUNCHEE SUPER CREAM CRACKER,PLPCH,,,330.0,GM,330.00 GM,201911.0,1
30247,MUNCHEE SUPER CREAM CRACKER HANDY PACK 85 GM,6,BISCUITS,CEYLON BISCUITS LIMITED,MUNCHEE SUPER CREAM CRACKER,PLPCH,,,85.0,GM,85.00 GM,201302.0,1
30250,CHERISH CHEESE FITS SNACK CRACKER PLPCH 25 GM,6,BISCUITS,CHERISH BISCUIT (PVT) LTD,CHERISH CHEESE FITS,PLPCH,,,25.0,GM,25.00 GM,201901.0,1
30251,CHERISH SUPREME CREAM CRACKER 125 GM,6,BISCUITS,CHERISH BISCUIT (PVT) LTD,CHERISH SUPREME,PLPCH,,,125.0,GM,125.00 GM,201804.0,1
30252,CHERISH SUPREME CREAM CRACKER 500 GM,6,BISCUITS,CHERISH BISCUIT (PVT) LTD,CHERISH SUPREME,PLPCH,,,500.0,GM,500.00 GM,201804.0,1
30254,DIANA CLASSIC CREAM CRACKER 125 GM,6,BISCUITS,DIANA TRADING CO.(PVT) LTD,DIANA CLASSIC CREAM CRACKER,PLPCH,,,125.0,GM,125.00 GM,201612.0,1
30255,DIANA CLASSIC CREAM CRACKER 190 GM,6,BISCUITS,DIANA TRADING CO.(PVT) LTD,DIANA CLASSIC CREAM CRACKER,PLPCH,,,190.0,GM,190.00 GM,201612.0,1
30256,DIANA CLASSIC CREAM CRACKER 250 GM,6,BISCUITS,DIANA TRADING CO.(PVT) LTD,DIANA CLASSIC CREAM CRACKER,PLPCH,,,250.0,GM,250.00 GM,201703.0,1
30257,DIANA CLASSIC CREAM CRACKER 500 GM,6,BISCUITS,DIANA TRADING CO.(PVT) LTD,DIANA CLASSIC CREAM CRACKER,PLPCH,,,500.0,GM,500.00 GM,201701.0,1
30262,LUCKYLAND CREAM CRAC 180 GM,6,BISCUITS,LUCKYLAND BISCUITS MFS,LUCKYLAND CREAM CRACKER,PLPCH,,,180.0,GM,180.00 GM,201110.0,1
30263,LUCKYLAND CREAM CRAC 400 GM,6,BISCUITS,LUCKYLAND BISCUITS MFS,LUCKYLAND CREAM CRACKER,PLPCH,,,400.0,GM,400.00 GM,200603.0,1
30264,LUCKYLAND ORIGINAL ONION CRACKERS 220 GM,6,BISCUITS,LUCKYLAND BISCUITS MFS,LUCKYLAND ONION CRACKERS,PLPCH,,,220.0,GM,220.00 GM,201706.0,1
30265,MAAM (MAAM BIS.) FINE CREAM CRACKER 125 GM,6,BISCUITS,MAAM BISCUITS LANKA (PVT) LTD,MAAM FINE CREAM CRACKER,PLPCH,,,125.0,GM,125.00 GM,201602.0,1
30266,MAAM (MAAM BIS.) FINE CREAM CRACKER 190 GM,6,BISCUITS,MAAM BISCUITS LANKA (PVT) LTD,MAAM FINE CREAM CRACKER,PLPCH,,,190.0,GM,190.00 GM,201602.0,1
30267,MAAM (MAAM BIS.) FINE CREAM CRACKER 500 GM,6,BISCUITS,MAAM BISCUITS LANKA (PVT) LTD,MAAM FINE CREAM CRACKER,PLBAG,,,500.0,GM,500.00 GM,201602.0,1
30268,MALIBAN SPICY CRACKERS 75 GM,6,BISCUITS,MALIBAN BISCUIT MANUFACTORIES,MALIBAN SPICY CRACKER,PLPCH,,,75.0,GM,75.00 GM,201304.0,1
30269,MALIBAN SPICY CRACKERS 85 GM,6,BISCUITS,MALIBAN BISCUIT MANUFACTORIES,MALIBAN SPICY CRACKER,PLPCH,,,85.0,GM,85.00 GM,201610.0,1
30270,MALIBAN SPIICY CRACKER 170 GM,6,BISCUITS,MALIBAN BISCUIT MANUFACTORIES,MALIBAN SPICY CRACKER,PLPCH,,,170.0,GM,170.00 GM,201611.0,1
30271,MALIBAN VEGGIE CRACKER 170 GM 100% VEGETARIAN SNACKS,6,BISCUITS,MALIBAN BISCUIT MANUFACTORIES,MALIBAN VEGGIE CRACKER,PLPCH,,,170.0,GM,170.00 GM,202002.0,1
30272,MALIBAN VEGGIE CRACKER 85 GM,6,BISCUITS,MALIBAN BISCUIT MANUFACTORIES,MALIBAN VEGGIE CRACKER,PLPCH,,,85.0,GM,85.00 GM,202001.0,1
30273,MALIBAN BRAN CRACKER 200 GM,6,BISCUITS,MALIBAN BISCUIT MANUFACTORIES,MALIBAN BRAN CRACKER,PLPCH,,,200.0,GM,200.00 GM,200711.0,1
30275,MALIBAN SMART CREAM CRACKER 330 GM,6,BISCUITS,MALIBAN BISCUIT MANUFACTORIES,MALIBAN SMART CREAM CRACKER,PLPCH,,,330.0,GM,330.00 GM,201207.0,1
30276,MALIBAN SMART CREAM CRACKE 500 GM,6,BISCUITS,MALIBAN BISCUIT MANUFACTORIES,MALIBAN SMART CREAM CRACKER,CDBOX,,,500.0,GM,500.00 GM,201911.0,1
30277,MALIBAN SMART CREAM CRACKER 125 GM,6,BISCUITS,MALIBAN BISCUIT MANUFACTORIES,MALIBAN SMART CREAM CRACKER,PLPCH,,,125.0,GM,125.00 GM,201212.0,1
30278,MALIBAN SMART CREAM CRACKER 190 GM,6,BISCUITS,MALIBAN BISCUIT MANUFACTORIES,MALIBAN SMART CREAM CRACKER,PLPCH,,,190.0,GM,190.00 GM,201009.0,1
30279,MALIBAN SMART CREAM CRACKER BUDDY 230 GM,6,BISCUITS,MALIBAN BISCUIT MANUFACTORIES,MALIBAN SMART CREAM CRACKER,PLPCH,,,230.0,GM,230.00 GM,201906.0,1
30280,MALIBAN SMART CREAM CRACKER BUDDY 250 GM,6,BISCUITS,MALIBAN BISCUIT MANUFACTORIES,MALIBAN SMART CREAM CRACKER,PLPCH,,,250.0,GM,250.00 GM,201509.0,1
30281,MALIBAN SMART CREAM CRACKER BUDDY 85 GM,6,BISCUITS,MALIBAN BISCUIT MANUFACTORIES,MALIBAN SMART CREAM CRACKER,PLPCH,,,85.0,GM,85.00 GM,201509.0,1
30282,MALIBAN REAL BRAN CRACKER 140 GM,6,BISCUITS,MALIBAN BISCUIT MANUFACTORIES,MALIBAN REAL BRAN CRACKER,PLPCH,,,140.0,GM,140.00 GM,201012.0,1
30283,MALIBAN REAL BRAN CRACKER 210 GM,6,BISCUITS,MALIBAN BISCUIT MANUFACTORIES,MALIBAN REAL BRAN CRACKER,PLPCH,,,210.0,GM,210.00 GM,201011.0,1
30284,MALIBAN REAL BRAN CRACKER BUDDY EWRPK 100 GM,6,BISCUITS,MALIBAN BISCUIT MANUFACTORIES,MALIBAN REAL BRAN CRACKER,EWRPK,,,100.0,GM,100.00 GM,201811.0,1
30285,SUN RICH CRISPY CREAM CRACKER 130 GM,6,BISCUITS,SUNRICH CONFECTIONERY (PVT) LTD,SUN RICH CRISPY CREAM CRACK,PLBAG,,,130.0,GM,130.00 GM,201602.0,1
30286,SUN RICH CRISPY CREAM CRACKER 190 GM,6,BISCUITS,SUNRICH CONFECTIONERY (PVT) LTD,SUN RICH CRISPY CREAM CRACK,PLBAG,,,190.0,GM,190.00 GM,201603.0,1
30287,SUN RICH CRISPY CREAM CRACKER 380 GM,6,BISCUITS,SUNRICH CONFECTIONERY (PVT) LTD,SUN RICH CRISPY CREAM CRACK,PLBAG,,,380.0,GM,380.00 GM,201807.0,1
30288,TEEMAH CREAM CRACKER 100 GM,6,BISCUITS,TEEMAH BISCUITS MANUFACTURE,TEEMAH CREAM CRACKER,PLPCH,,,100.0,GM,100.00 GM,201512.0,1
30290,USWATTE REAL CREAM CRACKER 125 GM,6,BISCUITS,USWATTE CONFECTIONERY,USWATTE REAL CREAM CRACKER,PLPCH,,,125.0,GM,125.00 GM,201811.0,1
30291,USWATTE REAL CREAM CRACKER 500 GM,6,BISCUITS,USWATTE CONFECTIONERY,USWATTE REAL CREAM CRACKER,PLPCH,,,500.0,GM,500.00 GM,201811.0,1
30292,USWATTE REAL CREAM CRACKER PLPCH 190 GM,6,BISCUITS,USWATTE CONFECTIONERY,USWATTE REAL CREAM CRACKER,PLPCH,,,190.0,GM,190.00 GM,201908.0,1
30293,USWATTE REAL CREAM CRACKER SUGAR FREE 125 GM,6,BISCUITS,USWATTE CONFECTIONERY,USWATTE REAL CREAM CRACKER,EWRPK,,,125.0,GM,125.00 GM,202001.0,1
30294,USWATTE REAL CREAM CRACKER SUGAR FREE 190 GM,6,BISCUITS,USWATTE CONFECTIONERY,USWATTE REAL CREAM CRACKER,PLPCH,,,190.0,GM,190.00 GM,201810.0,1
30295,REDLION CHOCOLATE CREAM 400 GM (ADJ DISTRIBUTORS),6,BISCUITS,ADJ DISTRIBUTORS,RED LION CHOCOLATE CREAM,PLPCH,,,400.0,GM,400.00 GM,201010.0,1
30296,BISMA CHOCOLATE CREAM 100 GM (BISMA BISCUITS),6,BISCUITS,BISMA BISCUITS PRODUCTS,BISMA CHOCOLATE CREAM,PLPCH,,,100.0,GM,100.00 GM,201106.0,1
30297,BISMA CHOCOLATE CREAM 400 GM (BISMA BISCUITS),6,BISCUITS,BISMA BISCUITS PRODUCTS,BISMA CHOCOLATE CREAM,PLPCH,,,400.0,GM,400.00 GM,201106.0,1
30298,BISMA CHOCOLATE CREAM 360 GM (BISMA BISCUITS),6,BISCUITS,BISMA BISCUITS PRODUCTS,BISMA CHOCOLATE CREAM,PLPCH,,,360.0,GM,360.00 GM,201207.0,1
30299,BISMA CHOCOLATE CREAM 90 GM (BISMA BISCUITS),6,BISCUITS,BISMA BISCUITS PRODUCTS,BISMA CHOCOLATE CREAM,PLPCH,,,90.0,GM,90.00 GM,201207.0,1
30300,KIST CHOCOLATE CREAM 100 GM,6,BISCUITS,CARGILLS QUALITY DAIRIES (PVT) LTD,KIST CHOCOLATE CREAM,PLPCH,,,100.0,GM,100.00 GM,201109.0,1
30301,KIST CHOCOLATE CREAM 500 GM,6,BISCUITS,CARGILLS QUALITY DAIRIES (PVT) LTD,KIST CHOCOLATE CREAM,PLPCH,,,500.0,GM,500.00 GM,201109.0,1
30302,KIST CHOCOLATE CREAM 20 GM PLPCH,6,BISCUITS,CARGILLS QUALITY DAIRIES (PVT) LTD,KIST CHOCOLATE CREAM,PLPCH,,,20.0,GM,20.00 GM,201205.0,1
30303,KIST CHOCOLATE CREAM 400 GM,6,BISCUITS,CARGILLS QUALITY DAIRIES (PVT) LTD,KIST CHOCOLATE CREAM,PLPCH,,,400.0,GM,400.00 GM,201312.0,1
30304,KIST CREAMY CHOC 100 GM,6,BISCUITS,CARGILLS QUALITY DAIRIES (PVT) LTD,KIST CREAMY CHOC,PLPCH,,,100.0,GM,100.00 GM,201611.0,1
30305,KIST CREAMY CHOC 210 GM,6,BISCUITS,CARGILLS QUALITY DAIRIES (PVT) LTD,KIST CREAMY CHOC,PLPCH,,,210.0,GM,210.00 GM,201910.0,1
30306,KIST CREAMY CHOC 220 GM,6,BISCUITS,CARGILLS QUALITY DAIRIES (PVT) LTD,KIST CREAMY CHOC,PLPCH,,,220.0,GM,220.00 GM,201902.0,1
30307,KIST CREAMY CHOC 250 GM,6,BISCUITS,CARGILLS QUALITY DAIRIES (PVT) LTD,KIST CREAMY CHOC,PLPCH,,,250.0,GM,250.00 GM,201708.0,1
30308,KIST CREAMY CHOC 400 GM,6,BISCUITS,CARGILLS QUALITY DAIRIES (PVT) LTD,KIST CREAMY CHOC,PLPCH,,,400.0,GM,400.00 GM,201609.0,1
30309,KIST CREAMY CHOC PLPCH CHOCOLATE & CREAM 360 GM,6,BISCUITS,CARGILLS QUALITY DAIRIES (PVT) LTD,KIST CREAMY CHOC,PLPCH,,,360.0,GM,360.00 GM,201909.0,1
30310,MUNCHEE BOURBON 100 GM,6,BISCUITS,CEYLON BISCUITS LIMITED,MUNCHEE BOURBON,PLPCH,,,100.0,GM,100.00 GM,201307.0,1
30311,MUNCHEE CHOCOLATE CREAM 100 GM,6,BISCUITS,CEYLON BISCUITS LIMITED,MUNCHEE CHOCOLATE CREAM,PLPCH,,,100.0,GM,100.00 GM,,1
30312,MUNCHEE CHOCOLATE CREAM 210 GM PLPCH,6,BISCUITS,CEYLON BISCUITS LIMITED,MUNCHEE CHOCOLATE CREAM,PLPCH,,,210.0,GM,210.00 GM,201811.0,1
30313,MUNCHEE CHOCOLATE CREAM 400 GM,6,BISCUITS,CEYLON BISCUITS LIMITED,MUNCHEE CHOCOLATE CREAM,PLPCH,,,400.0,GM,400.00 GM,201001.0,1
30316,MUNCHEE ROUNDZ CHOCOLATE CREAM SANDWICH 100 GM,6,BISCUITS,CEYLON BISCUITS LIMITED,MUNCHEE ROUNDZ,PLPCH,,,100.0,GM,100.00 GM,201510.0,1
30318,CHERISH CHOCO CREAM 200 GM,6,BISCUITS,CHERISH BISCUIT (PVT) LTD,CHERISH CHOCO CREAM,PLBAG,,,200.0,GM,200.00 GM,202006.0,1
30319,CHERISH CHOCO CREAM 240 GM,6,BISCUITS,CHERISH BISCUIT (PVT) LTD,CHERISH CHOCO CREAM,PLBAG,,,240.0,GM,240.00 GM,,1
30320,CHERISH CHOCO CREAM 400 GM,6,BISCUITS,CHERISH BISCUIT (PVT) LTD,CHERISH CHOCO CREAM,PLBAG,,,400.0,GM,400.00 GM,200902.0,1
30321,CHERISH CHOCOLATE CREAM 100 GM,6,BISCUITS,CHERISH BISCUIT (PVT) LTD,CHERISH CHOCOLATE CREAM,PLPCH,,,100.0,GM,100.00 GM,,1
30322,CHERISH CHOCOLATE CREAM 400 GM,6,BISCUITS,CHERISH BISCUIT (PVT) LTD,CHERISH CHOCOLATE CREAM,PLPCH,,,400.0,GM,400.00 GM,200811.0,1
30323,CHERISH CHOCOLATE CREAM 500 GM,6,BISCUITS,CHERISH BISCUIT (PVT) LTD,CHERISH CHOCOLATE CREAM,PLBAG,,,500.0,GM,500.00 GM,200509.0,1
30324,CHERISH CHOCOLATE CREAM PLPCH 200 GM,6,BISCUITS,CHERISH BISCUIT (PVT) LTD,CHERISH CHOCOLATE CREAM,PLPCH,,,200.0,GM,200.00 GM,201902.0,1
30325,CHERISH CHOCOLATE CREAM 90 GM,6,BISCUITS,CHERISH BISCUIT (PVT) LTD,CHERISH CHOCOLATE CREAM,PLPCH,,,90.0,GM,90.00 GM,200906.0,1
30326,CROWN CHOCOLATE CREAM 100 GM,6,BISCUITS,CROWN BISCUITS MANUFACTOR,CROWN CHOCOLATE CREAM,PLPCH,,,100.0,GM,100.00 GM,201407.0,1
30327,CROWN CHOCOLATE CREAM 400 GM,6,BISCUITS,CROWN BISCUITS MANUFACTOR,CROWN CHOCOLATE CREAM,PLPCH,,,400.0,GM,400.00 GM,201303.0,1
30330,DAINTEE CHOCOLATE CREAM 400 GM,6,BISCUITS,DAINTEE LIMITED,DAINTEE CHOCOLATE CREAM,PLPCH,,,400.0,GM,400.00 GM,200908.0,1
30331,DIANA CHOCOLATE CRUNCH BISCUITS 45 GM,6,BISCUITS,DIANA TRADING CO.(PVT) LTD,DIANA CHOCOLATE CRUNCH,PLPCH,,,45.0,GM,45.00 GM,201405.0,1
30332,DIANA CHOCOLATE CREAM 360 GM,6,BISCUITS,DIANA TRADING CO.(PVT) LTD,DIANA CHOCOLATE CREAM,PLPCH,,,360.0,GM,360.00 GM,201707.0,1
30333,DIANA CHOCOLATE CREAM 90 GM,6,BISCUITS,DIANA TRADING CO.(PVT) LTD,DIANA CHOCOLATE CREAM,PLPCH,,,90.0,GM,90.00 GM,201709.0,1
30334,DIANA CHOCOLATE CREAME 100 GM,6,BISCUITS,DIANA TRADING CO.(PVT) LTD,DIANA CHOCOLATE CREAM,PLPCH,,,100.0,GM,100.00 GM,,1
30335,DIANA CHOCOLATE CREAME 400 GM,6,BISCUITS,DIANA TRADING CO.(PVT) LTD,DIANA CHOCOLATE CREAM,PLPCH,,,400.0,GM,400.00 GM,200904.0,1
30344,LUCKYLAND CHOCO CREAMY SMILEYS 100 GM,6,BISCUITS,LUCKYLAND BISCUITS MFS,LUCKYLAND CHOCO,PLPCH,,,100.0,GM,100.00 GM,201102.0,1
30345,LUCKYLAND CHOCOLATE 100 GM,6,BISCUITS,LUCKYLAND BISCUITS MFS,LUCKYLAND CHOCOLATE CREAM,PLPCH,,,100.0,GM,100.00 GM,,1
30346,LUCKYLAND CHOCOLATE CREAM 400 GM,6,BISCUITS,LUCKYLAND BISCUITS MFS,LUCKYLAND CHOCOLATE CREAM,PLBAG,,,400.0,GM,400.00 GM,200902.0,1
30347,MAAM (MAAM BIS.) CHOCOLATE CREAM 360 GM,6,BISCUITS,MAAM BISCUITS LANKA (PVT) LTD,MAAM CHOCOLATE CREAM,PLPCH,,,360.0,GM,360.00 GM,201908.0,1
30348,MAAM (MAAM BIS.) CHOCOLATE CREAM 90 GM,6,BISCUITS,MAAM BISCUITS LANKA (PVT) LTD,MAAM CHOCOLATE CREAM,PLPCH,,,90.0,GM,90.00 GM,201806.0,1
30349,MELLON CRISPY CHOCOLATE CREAM 285 GM,6,BISCUITS,NEW MAHAWELI CONFECTIONERIES (PVT) LTD,MELLON CRISPY CHOCOL. CRM,PLBAG,,,285.0,GM,285.00 GM,201810.0,1
30350,MALIBAN REAL CHOCOLATE CREAM 100 GM,6,BISCUITS,MALIBAN BISCUIT MANUFACTORIES,MALIBAN REAL CHOCOLATE CREAM,PLPCH,,,100.0,GM,100.00 GM,,1
30351,MALIBAN REAL CHOCOLATE CREAM 200 GM,6,BISCUITS,MALIBAN BISCUIT MANUFACTORIES,MALIBAN REAL CHOCOLATE CREAM,FLPCH,,,200.0,GM,200.00 GM,202010.0,1
30352,MALIBAN REAL CHOCOLATE CREAM 400 GM,6,BISCUITS,MALIBAN BISCUIT MANUFACTORIES,MALIBAN REAL CHOCOLATE CREAM,PLBAG,,,400.0,GM,400.00 GM,201501.0,1
30353,MALIBAN REAL CHOCOLATE CREAM 45 GM,6,BISCUITS,MALIBAN BISCUIT MANUFACTORIES,MALIBAN REAL CHOCOLATE CREAM,FLPCH,,,45.0,GM,45.00 GM,202010.0,1
30354,MALIBAN REAL CHOCOLATE CREAM 500 GM,6,BISCUITS,MALIBAN BISCUIT MANUFACTORIES,MALIBAN REAL CHOCOLATE CREAM,PLBAG,,,500.0,GM,500.00 GM,,1
30355,MALIBAN CHOCOLATE CREAM MARIE 65 GM,6,BISCUITS,MALIBAN BISCUIT MANUFACTORIES,MALIBAN CHOCOLATE CREAM MARIE,PLPCH,,,65.0,GM,65.00 GM,201302.0,1
30356,MIC MAC CHOCOLATE CREAM 100 GM,6,BISCUITS,MICMAC FOOD (PVT) LTD,MIC MAC CHOCOLATE CREAM,PLPCH,,,100.0,GM,100.00 GM,200801.0,1
30357,MIC MAC CHOCOLATE CREAM 350 GM,6,BISCUITS,MICMAC FOOD (PVT) LTD,MIC MAC CHOCOLATE CREAM,PLPCH,,,350.0,GM,350.00 GM,201203.0,1
30358,MIC MAC CHOCOLATE CREAM 80 GM,6,BISCUITS,MICMAC FOOD (PVT) LTD,MIC MAC CHOCOLATE CREAM,PLPCH,,,80.0,GM,80.00 GM,201206.0,1
30359,MIC MAC CHOCOLATE CREAM 90 GM,6,BISCUITS,MICMAC FOOD (PVT) LTD,MIC MAC CHOCOLATE CREAM,PLPCH,,,90.0,GM,90.00 GM,201507.0,1
30360,MIYAMI CHOCOLATE CREAM 320 GM,6,BISCUITS,MIYAMI BISCUIT & SNACKS MNFT,MIYAMI CHOCOLATE CREAM,PLPCH,,,320.0,GM,320.00 GM,202006.0,1
30361,MIYAMI CHOCOLATE CREAM 80 GM,6,BISCUITS,MIYAMI BISCUIT & SNACKS MNFT,MIYAMI CHOCOLATE CREAM,PLPCH,,,80.0,GM,80.00 GM,202006.0,1
30362,MIYAMI MILK CREAM 50 GM,6,BISCUITS,MIYAMI BISCUIT & SNACKS MNFT,MIYAMI MILK CREAM,PLPCH,,,50.0,GM,50.00 GM,202008.0,1
30363,MASTER BAKERS CHOCOLATE CREAM 100 GM (MM FOODS),6,BISCUITS,MM FOODS (PVT) LTD,MASTER BAKERS CHOCOL.CRM,PLPCH,,,100.0,GM,100.00 GM,200710.0,1
30367,TURNEY COCO BIX 200 GM (TURNEY BIS.),6,BISCUITS,TURNEY BISCUITS MANUFACTERIES,TURNEY COCO BIX,PLPCH,,,200.0,GM,200.00 GM,200903.0,1
30368,MAAM CHOCOLATE CREAM 100 GM (ORIENT LANKA),6,BISCUITS,ORIENT LANKA CONFECTIONERY,MAAM CHOCOLATE CREAM,PLPCH,,,100.0,GM,100.00 GM,,1
30369,MAAM CHOCOLATE CREAM 360 GM (ORIENT LANKA),6,BISCUITS,ORIENT LANKA CONFECTIONERY,MAAM CHOCOLATE CREAM,PLPCH,,,360.0,GM,360.00 GM,201103.0,1
30370,MAAM CHOCOLATE CREAM 90 GM (ORIENT LANKA),6,BISCUITS,ORIENT LANKA CONFECTIONERY,MAAM CHOCOLATE CREAM,PLPCH,,,90.0,GM,90.00 GM,201102.0,1
30371,RICH CHOCOLATE CREAM 360 GM,6,BISCUITS,ORIENT LANKA CONFECTIONERY,RICH CHOCOLATE CREAM,PLPCH,,,360.0,GM,360.00 GM,201812.0,1
30374,RASHIKA CHOCOLATE CREAM 100 GM,6,BISCUITS,RASHIKA TRADING (PVT) LTD,RASHIKA CHOCOLATE CREAM,PLPCH,,,100.0,GM,100.00 GM,,1
30375,RASHIKA CHOCOLATE CREAM 90 GM,6,BISCUITS,RASHIKA TRADING (PVT) LTD,RASHIKA CHOCOLATE CREAM,PLPCH,,,90.0,GM,90.00 GM,201108.0,1
30376,RASHIKA CHOCOLATE CREAM 400 GM,6,BISCUITS,RASHIKA TRADING (PVT) LTD,RASHIKA CHOCOLATE CREAM,PLPCH,,,400.0,GM,400.00 GM,201207.0,1
30377,RASHIKA CHOCOLATE CREAM BATTA 40 GM,6,BISCUITS,RASHIKA TRADING (PVT) LTD,RASHIKA CHOCOLATE CREAM,PLPCH,,,40.0,GM,40.00 GM,201408.0,1
30378,RASHIKA CHOCOLATE CREAM BISCUITS 350 GM,6,BISCUITS,RASHIKA TRADING (PVT) LTD,RASHIKA CHOCOLATE CREAM,PLPCH,,,350.0,GM,350.00 GM,201702.0,1
30380,SACHIE CHOCOLATE CREAM BISCUITS 400 GM,6,BISCUITS,SACHIE BISCUITS (PVT) LTD,SACHIE CHOCOLATE CREAM,PLPCH,,,400.0,GM,400.00 GM,201408.0,1
30382,SUN RICH CHOCO BIX 100 GM,6,BISCUITS,SUNRICH CONFECTIONERY (PVT) LTD,SUN RICH CHOCO BIX,PLPCH,,,100.0,GM,100.00 GM,201511.0,1
30383,SUN RICH CHOCO BIX 400 GM,6,BISCUITS,SUNRICH CONFECTIONERY (PVT) LTD,SUN RICH CHOCO BIX,PLPCH,,,400.0,GM,400.00 GM,201602.0,1
30384,SUN RICH CHOCO BIX 44 GM,6,BISCUITS,SUNRICH CONFECTIONERY (PVT) LTD,SUN RICH CHOCO BIX,PLPCH,,,44.0,GM,44.00 GM,201603.0,1
30385,SUN RICH CHOCO BIX 500 GM,6,BISCUITS,SUNRICH CONFECTIONERY (PVT) LTD,SUN RICH CHOCO BIX,PLPCH,,,500.0,GM,500.00 GM,201805.0,1
30386,TEEMAH CHOCOLATE CREAM 100 GM,6,BISCUITS,TEEMAH BISCUITS MANUFACTURE,TEEMAH CHOCOLATE CREAM,PLPCH,,,100.0,GM,100.00 GM,201502.0,1
30387,TEEMAH CHOCOLATE CREAM 320 GM,6,BISCUITS,TEEMAH BISCUITS MANUFACTURE,TEEMAH CHOCOLATE CREAM,PLPCH,,,320.0,GM,320.00 GM,201806.0,1
30390,SHANEY CHOCOLATE CREAM BISCUITS 45 GM,6,BISCUITS,TURNEY BISCUITS MANUFACTERIES,SHANEY CHOCOLATE CREAM,PLPCH,,,45.0,GM,45.00 GM,201601.0,1
30391,TURNEY BUNNY BEARS CHOCOLATE CREAM BISCUITS 45 GM (TURNEY BIS.),6,BISCUITS,TURNEY BISCUITS MANUFACTERIES,TURNEY BUNNY BEARS,PLPCH,,,45.0,GM,45.00 GM,201702.0,1
30392,TURNEY CHOCOLATE CREAM 340 GM (TURNEY BIS.),6,BISCUITS,TURNEY BISCUITS MANUFACTERIES,TURNEY CHOCOLATE,PLPCH,,,340.0,GM,340.00 GM,202009.0,1
30393,TURNEY CHOCOLATE CREAM 350 GM (TURNEY BIS.),6,BISCUITS,TURNEY BISCUITS MANUFACTERIES,TURNEY CHOCOLATE,PLPCH,,,350.0,GM,350.00 GM,202007.0,1
30394,TURNEY CHOCOLATE CREAM 360 GM (TURNEY BIS.),6,BISCUITS,TURNEY BISCUITS MANUFACTERIES,TURNEY CHOCOLATE,PLPCH,,,360.0,GM,360.00 GM,201210.0,1
30395,TURNEY CHOCOLATE CREAM BISCUITS 90 GM (TURNEY BIS.),6,BISCUITS,TURNEY BISCUITS MANUFACTERIES,TURNEY CHOCOLATE,PLPCH,,,90.0,GM,90.00 GM,201502.0,1
30396,USWATTE CHOCOLATE CREAM 100 GM,6,BISCUITS,USWATTE CONFECTIONERY,USWATTE CHOCOLATE CREAM,PLPCH,,,100.0,GM,100.00 GM,201808.0,1
30397,USWATTE CHOCOLATE CREAM 400 GM,6,BISCUITS,USWATTE CONFECTIONERY,USWATTE CHOCOLATE CREAM,PLPCH,,,400.0,GM,400.00 GM,201807.0,1
30398,USWATTE CHOCOLATE CREAM 45 GM,6,BISCUITS,USWATTE CONFECTIONERY,USWATTE CHOCOLATE CREAM,PLPCH,,,45.0,GM,45.00 GM,201906.0,1
30399,MIYAMI BANANA CREAM 50 GM,6,BISCUITS,MIYAMI BISCUIT & SNACKS MNFT,MIYAMI BANANA CREAM,PLPCH,,,50.0,GM,50.00 GM,202007.0,1
30400,MIYAMI LEMON PUFF 100 GM,6,BISCUITS,MIYAMI BISCUIT & SNACKS MNFT,MIYAMI LEMON PUFF,PLPCH,,,100.0,GM,100.00 GM,202006.0,1
30401,MIYAMI MANGO CREAM 50 GM,6,BISCUITS,MIYAMI BISCUIT & SNACKS MNFT,MIYAMI MANGO CREAM,PLPCH,,,50.0,GM,50.00 GM,202006.0,1
30403,BISMA APPLE CREAM 90 GM (BISMA BISCUITS),6,BISCUITS,BISMA BISCUITS PRODUCTS,BISMA APPLE CREAM,PLPCH,,,90.0,GM,90.00 GM,201203.0,1
30404,BISMA APPLE CREAM 100 GM (BISMA BISCUITS),6,BISCUITS,BISMA BISCUITS PRODUCTS,BISMA APPLE CREAM,PLPCH,,,100.0,GM,100.00 GM,201107.0,1
30405,BISMA APPLE CREAM 360 GM (BISMA BISCUITS),6,BISCUITS,BISMA BISCUITS PRODUCTS,BISMA APPLE CREAM,PLPCH,,,360.0,GM,360.00 GM,201204.0,1
30409,KIST CREAMY VANILA PLPCH 100 GM,6,BISCUITS,CARGILLS QUALITY DAIRIES (PVT) LTD,KIST CREAMY VANILLA,PLPCH,,,100.0,GM,100.00 GM,201910.0,1
30410,KIST CREAMY VANILA PLPCH 210 GM,6,BISCUITS,CARGILLS QUALITY DAIRIES (PVT) LTD,KIST CREAMY VANILLA,PLPCH,,,210.0,GM,210.00 GM,201909.0,1
30411,KIST CREAMY VANILA PLPCH 360 GM,6,BISCUITS,CARGILLS QUALITY DAIRIES (PVT) LTD,KIST CREAMY VANILLA,PLPCH,,,360.0,GM,360.00 GM,201909.0,1
30412,MUNCHEE KALO 90 GM,6,BISCUITS,CEYLON BISCUITS LIMITED,MUNCHEE KALO,PLPCH,,,90.0,GM,90.00 GM,201111.0,1
30413,MUNCHEE MILK CREAM 290 GM,6,BISCUITS,CEYLON BISCUITS LIMITED,MUNCHEE MILK CREAM,PLPCH,,,290.0,GM,290.00 GM,201402.0,1
30415,MUNCHEE MILK CREAM PLPCH 110 GM,6,BISCUITS,CEYLON BISCUITS LIMITED,MUNCHEE MILK CREAM,PLPCH,,,110.0,GM,110.00 GM,201811.0,1
30416,MUNCHEE CUSTARD CREAM 100 GM,6,BISCUITS,CEYLON BISCUITS LIMITED,MUNCHEE CUSTARD CREAM,PLPCH,,,100.0,GM,100.00 GM,201207.0,1
30417,MUNCHEE CUSTARD CREAM 240 GM,6,BISCUITS,CEYLON BISCUITS LIMITED,MUNCHEE CUSTARD CREAM,PLPCH,,,240.0,GM,240.00 GM,201804.0,1
30418,MUNCHEE FAMILY RANGE LEMON CREAM 400 GM,6,BISCUITS,CEYLON BISCUITS LIMITED,MUNCHEE FAMILY RANGE,PLPCH,,,400.0,GM,400.00 GM,201406.0,1
30419,MUNCHEE FAMILY RANGE ORANGE CREAM 400 GM,6,BISCUITS,CEYLON BISCUITS LIMITED,MUNCHEE FAMILY RANGE,PLPCH,,,400.0,GM,400.00 GM,201406.0,1
30420,CHERISH CUSTARD CREAM 100 GM,6,BISCUITS,CHERISH BISCUIT (PVT) LTD,CHERISH CUSTARD CREAM,PLPCH,,,100.0,GM,100.00 GM,,1
30421,CHERISH CUSTARD CREAM 400 GM,6,BISCUITS,CHERISH BISCUIT (PVT) LTD,CHERISH CUSTARD CREAM,PLPCH,,,400.0,GM,400.00 GM,200904.0,1
30422,CHERISH CUSTARD CREAM 500 GM,6,BISCUITS,CHERISH BISCUIT (PVT) LTD,CHERISH CUSTARD CREAM,PLBAG,,,500.0,GM,500.00 GM,200512.0,1
30423,CHERISH CUSTARD CREAM PLPCH 240 GM,6,BISCUITS,CHERISH BISCUIT (PVT) LTD,CHERISH CUSTARD CREAM,PLPCH,,,240.0,GM,240.00 GM,201902.0,1
30424,CHERISH DUPLEX CUSTARD CREAM 100 GM,6,BISCUITS,CHERISH BISCUIT (PVT) LTD,CHERISH DUPLEX,PLPCH,,,100.0,GM,100.00 GM,201808.0,1
30425,CHERISH DUPLEX CUSTARD CREAM 400 GM,6,BISCUITS,CHERISH BISCUIT (PVT) LTD,CHERISH DUPLEX,PLPCH,,,400.0,GM,400.00 GM,201802.0,1
30426,CHERISH LEMON CREAM 100 GM,6,BISCUITS,CHERISH BISCUIT (PVT) LTD,CHERISH LEMON CREAM,PLPCH,,,100.0,GM,100.00 GM,,1
30427,CHERISH LEMON CREAM 400 GM,6,BISCUITS,CHERISH BISCUIT (PVT) LTD,CHERISH LEMON CREAM,PLPCH,,,400.0,GM,400.00 GM,200812.0,1
30428,CHERISH LEMON CREAM PLPCH 330 GM,6,BISCUITS,CHERISH BISCUIT (PVT) LTD,CHERISH LEMON CREAM,PLPCH,,,330.0,GM,330.00 GM,201906.0,1
30429,CHERISH ORANGE CREAM 400 GM,6,BISCUITS,CHERISH BISCUIT (PVT) LTD,CHERISH ORANGE CREAM,PLPCH,,,400.0,GM,400.00 GM,200812.0,1
30430,CHERISH ORANGE CREAM 330 GM,6,BISCUITS,CHERISH BISCUIT (PVT) LTD,CHERISH ORANGE CREAM,PLBAG,,,330.0,GM,330.00 GM,201906.0,1
30431,CHERISH BLACK & WHITE CREAM PLPCH 330 GM,6,BISCUITS,CHERISH BISCUIT (PVT) LTD,CHERISH BLACK & WHITE,PLPCH,,,330.0,GM,330.00 GM,201909.0,1
30432,CHERISH BLACK & WHITE CREAM PLPCH 80 GM,6,BISCUITS,CHERISH BISCUIT (PVT) LTD,CHERISH BLACK & WHITE,PLPCH,,,80.0,GM,80.00 GM,202012.0,1
30433,CROWN BANANA CREAM 100 GM,6,BISCUITS,CROWN BISCUITS MANUFACTOR,CROWN BANANA CREAM,PLPCH,,,100.0,GM,100.00 GM,201006.0,1
30434,CROWN BANANA CREAM 400 GM,6,BISCUITS,CROWN BISCUITS MANUFACTOR,CROWN BANANA CREAM,PLPCH,,,400.0,GM,400.00 GM,200907.0,1
30435,CROWN BANANA CREAM 50 GM,6,BISCUITS,CROWN BISCUITS MANUFACTOR,CROWN BANANA CREAM,PLPCH,,,50.0,GM,50.00 GM,201210.0,1
30437,CROWN LEMON CREAM 50 GM,6,BISCUITS,CROWN BISCUITS MANUFACTOR,CROWN LEMON CREAM,PLPCH,,,50.0,GM,50.00 GM,201205.0,1
30438,DAINTEE CUSTERD CREAM 100 GM,6,BISCUITS,DAINTEE LIMITED,DAINTEE CUSTERD CREAM,PLPCH,,,100.0,GM,100.00 GM,,1
30440,DIANA CUSTARD CRISPY CREAM BISCUITS 50 GM,6,BISCUITS,DIANA TRADING CO.(PVT) LTD,DIANA CUSTARD CRISPY,PLPCH,,,50.0,GM,50.00 GM,201503.0,1
30441,DIANA BANANA CREAM 400 GM,6,BISCUITS,DIANA TRADING CO.(PVT) LTD,DIANA BANANA CREAM,PLPCH,,,400.0,GM,400.00 GM,200910.0,1
30442,DIANA BANANA CREAM 90 GM,6,BISCUITS,DIANA TRADING CO.(PVT) LTD,DIANA BANANA CREAM,PLPCH,,,90.0,GM,90.00 GM,201409.0,1
30443,DAINA LEMON CREAM 180 GM,6,BISCUITS,DIANA TRADING CO.(PVT) LTD,DIANA LEMON CREAM,PLPCH,,,180.0,GM,180.00 GM,201507.0,1
30446,DIANA STRAWBERRY CRISPY CREAM BISCUITS 105 GM,6,BISCUITS,DIANA TRADING CO.(PVT) LTD,DIANA STRAWBERRY CRISPY,PLPCH,,,105.0,GM,105.00 GM,201606.0,1
30447,DIANA STRAWBERRY CRISPY CREAM BISCUITS 50 GM,6,BISCUITS,DIANA TRADING CO.(PVT) LTD,DIANA STRAWBERRY CRISPY,PLPCH,,,50.0,GM,50.00 GM,201503.0,1
30448,DIANA LEMON CRISPY CREAM BISCUITS 50 GM,6,BISCUITS,DIANA TRADING CO.(PVT) LTD,DIANA LEMON CRISPY,PLPCH,,,50.0,GM,50.00 GM,201503.0,1
30457,LUCKYLAND LEMON CREA 200 GM,6,BISCUITS,LUCKYLAND BISCUITS MFS,LUCKYLAND LEMON CREAM,PLPCH,,,200.0,GM,200.00 GM,200904.0,1
30460,LUCKYLAND ORANGE CREAMY SMILEYS 375 GM,6,BISCUITS,LUCKYLAND BISCUITS MFS,LUCKYLAND ORANGE,PLPCH,,,375.0,GM,375.00 GM,201207.0,1
30461,LUCKYLAND MILK CREAM SMILEYS 375 GM,6,BISCUITS,LUCKYLAND BISCUITS MFS,LUCKYLAND SMILEYS,PLPCH,,,375.0,GM,375.00 GM,201207.0,1
30462,LUCKYLAND MILK CREAMY SMILEYS 100 GM,6,BISCUITS,LUCKYLAND BISCUITS MFS,LUCKYLAND SMILEYS,PLPCH,,,100.0,GM,100.00 GM,201011.0,1
30468,MASTER BAKERS STRAWBERRY CREAM BISCUITS 100 GM (LUCKYLAND BIS.),6,BISCUITS,LUCKYLAND BISCUITS MFS,MASTER BAKERS STRAWBERRY CREAM,PLPCH,,,100.0,GM,100.00 GM,201906.0,1
30469,MELLON CRISPY ORANGE CREAM PLPCH 50 GM,6,BISCUITS,NEW MAHAWELI CONFECTIONERIES (PVT) LTD,MELLON CRISPY ORANGE CREAM,PLPCH,,,50.0,GM,50.00 GM,201811.0,1
30470,MALIBAN CUSTARD CREAM 100 GM,6,BISCUITS,MALIBAN BISCUIT MANUFACTORIES,MALIBAN CUSTARD CREAM,PLPCH,,,100.0,GM,100.00 GM,,1
30471,MALIBAN CUSTARD CREAM 400 GM,6,BISCUITS,MALIBAN BISCUIT MANUFACTORIES,MALIBAN CUSTARD CREAM,PLPCH,,,400.0,GM,400.00 GM,201501.0,1
30472,MALIBAN CUSTARD CREAM 410 GM,6,BISCUITS,MALIBAN BISCUIT MANUFACTORIES,MALIBAN CUSTARD CREAM,PLPCH,,,410.0,GM,410.00 GM,202002.0,1
30473,MALIBAN ORANGE CREAM 100 GM,6,BISCUITS,MALIBAN BISCUIT MANUFACTORIES,MALIBAN ORANGE CREAM,PLPCH,,,100.0,GM,100.00 GM,,1
30474,MALIBAN ORANGE CREAM 400 GM,6,BISCUITS,MALIBAN BISCUIT MANUFACTORIES,MALIBAN ORANGE CREAM,PLPCH,,,400.0,GM,400.00 GM,201501.0,1
30475,MALIBAN ORANGE CREAM BISCUITS 410 GM,6,BISCUITS,MALIBAN BISCUIT MANUFACTORIES,MALIBAN ORANGE CREAM,PLPCH,,,410.0,GM,410.00 GM,202002.0,1
30476,MALIBAN REAL DOUBLES MINT & CHOCOLATE 100 GM,6,BISCUITS,MALIBAN BISCUIT MANUFACTORIES,MALIBAN REAL DOUBLES,PLPCH,,,100.0,GM,100.00 GM,201811.0,1
30478,MALIBAN REAL DOUBLES STRAWBERRY & VANILA CREAM 100 GM,6,BISCUITS,MALIBAN BISCUIT MANUFACTORIES,MALIBAN REAL DOUBLES,PLPCH,,,100.0,GM,100.00 GM,201810.0,1
30479,MALIBAN REAL DOUBLES STRAWBERRY & VANILA CREAM 110 GM,6,BISCUITS,MALIBAN BISCUIT MANUFACTORIES,MALIBAN REAL DOUBLES,PLPCH,,,110.0,GM,110.00 GM,201312.0,1
30480,MALIBAN REAL DOUBLES VANILLA & CHOCOLATE CREAM 100 GM,6,BISCUITS,MALIBAN BISCUIT MANUFACTORIES,MALIBAN REAL DOUBLES,PLPCH,,,100.0,GM,100.00 GM,201810.0,1
30481,MALIBAN REAL DOUBLES VANILLA & CHOCOLATE CREAM 110 GM,6,BISCUITS,MALIBAN BISCUIT MANUFACTORIES,MALIBAN REAL DOUBLES,PLPCH,,,110.0,GM,110.00 GM,201312.0,1
30482,BISMA BANANA CREAM BISCUITS 360 GM (MANCHESTER FOODS),6,BISCUITS,MANCHESTER FOODS (PVT) LTD,BISMA BANANA CREAM,PLPCH,,,360.0,GM,360.00 GM,201208.0,1
30483,BISMA APPLE CREAM PLPCH 90 GM (MANCHESTER FOODS),6,BISCUITS,MANCHESTER FOODS (PVT) LTD,BISMA PINEAPPLE CREAM,PLPCH,,,90.0,GM,90.00 GM,201811.0,1
30484,BISMA ORANGE TREAT 100 GM (MANCHESTER FOODS),6,BISCUITS,MANCHESTER FOODS (PVT) LTD,BISMA ORANGE TREAT,PLPCH,,,100.0,GM,100.00 GM,201708.0,1
30486,MACLEE SHORTIS MILK 250 GM (MANCHESTER FOODS),6,BISCUITS,MANCHESTER FOODS (PVT) LTD,MACLEE SHORTIS MILK,PLPCH,,,250.0,GM,250.00 GM,202007.0,1
30488,MIC MAC BANANA CREAM 100 GM,6,BISCUITS,MICMAC FOOD (PVT) LTD,MIC MAC BANANA CREAM,PLPCH,,,100.0,GM,100.00 GM,,1
30489,MIC MAC BANANA CREAM 350 GM,6,BISCUITS,MICMAC FOOD (PVT) LTD,MIC MAC BANANA CREAM,PLPCH,,,350.0,GM,350.00 GM,201402.0,1
30490,MIC MAC BANANA CREAM 90 GM,6,BISCUITS,MICMAC FOOD (PVT) LTD,MIC MAC BANANA CREAM,PLPCH,,,90.0,GM,90.00 GM,201406.0,1
30491,MIC MAC MILK CREAM 350 GM,6,BISCUITS,MICMAC FOOD (PVT) LTD,MIC MAC MILK CREAM,CDBOX,,,350.0,GM,350.00 GM,201402.0,1
30497,TURNEY BANANA 100 GM (TURNEY BIS.),6,BISCUITS,TURNEY BISCUITS MANUFACTERIES,TURNEY BANANA,PLPCH,,,100.0,GM,100.00 GM,,1
30499,MAAM BANANA CREAM 100 GM (ORIENT LANKA),6,BISCUITS,ORIENT LANKA CONFECTIONERY,MAAM BANANA CREAM,PLPCH,,,100.0,GM,100.00 GM,,1
30500,MAAM BANANA CREAM 230 GM (ORIENT LANKA),6,BISCUITS,ORIENT LANKA CONFECTIONERY,MAAM BANANA CREAM,PLPCH,,,230.0,GM,230.00 GM,201508.0,1
30501,MAAM BANANA CREAM 360 GM (ORIENT LANKA),6,BISCUITS,ORIENT LANKA CONFECTIONERY,MAAM BANANA CREAM,PLPCH,,,360.0,GM,360.00 GM,201102.0,1
30502,MAAM BANANA CREAM 90 GM (ORIENT LANKA),6,BISCUITS,ORIENT LANKA CONFECTIONERY,MAAM BANANA CREAM,PLPCH,,,90.0,GM,90.00 GM,201102.0,1
30503,MAAM BANANA CREAM 40 GM (ORIENT LANKA),6,BISCUITS,ORIENT LANKA CONFECTIONERY,MAAM BANANA CREAM,PLPCH,,,40.0,GM,40.00 GM,201508.0,1
30504,RICH BANANA CREAM 360 GM,6,BISCUITS,ORIENT LANKA CONFECTIONERY,RICH BANANA CREAM,PLPCH,,,360.0,GM,360.00 GM,201808.0,1
30505,RICH BANANA CREAM 90 GM,6,BISCUITS,ORIENT LANKA CONFECTIONERY,RICH BANANA CREAM,PLPCH,,,90.0,GM,90.00 GM,201808.0,1
30506,SUMO BANANA CREAM 100 GM,6,BISCUITS,PEARL MARKETING,SUMO BANANA CREAM,PLPCH,,,100.0,GM,100.00 GM,201608.0,1
30507,RASHIKA BANANA CREAM 100 GM,6,BISCUITS,RASHIKA TRADING (PVT) LTD,RASHIKA BANANA CREAM,PLPCH,,,100.0,GM,100.00 GM,201304.0,1
30508,RASHIKA BANANA CREAM 350 GM,6,BISCUITS,RASHIKA TRADING (PVT) LTD,RASHIKA BANANA CREAM,PLPCH,,,350.0,GM,350.00 GM,201703.0,1
30509,RASHIKA BANANA CREAM 90 GM,6,BISCUITS,RASHIKA TRADING (PVT) LTD,RASHIKA BANANA CREAM,PLPCH,,,90.0,GM,90.00 GM,201301.0,1
30510,RASHIKA BANANA CREAM BUDGET PACK 40 GM,6,BISCUITS,RASHIKA TRADING (PVT) LTD,RASHIKA BANANA CREAM,PLPCH,,,40.0,GM,40.00 GM,201506.0,1
30511,SACHIE BANANA CREAM BISCUIT 400 GM,6,BISCUITS,SACHIE BISCUITS (PVT) LTD,SACHIE BANANA CREAM,PLPCH,,,400.0,GM,400.00 GM,201411.0,1
30512,MACLEE CHOCOLATE CREAM PLPCH 100 GM (SRI NUTRIFOODS),6,BISCUITS,SRI NUTRIFOODS (PVT) LTD,MACLEE CHOCOLATE CREAM,PLPCH,,,100.0,GM,100.00 GM,201902.0,1
30513,MACLEE CHOCOLATE CREAM PLPCH 400 GM (SRI NUTRIFOODS),6,BISCUITS,SRI NUTRIFOODS (PVT) LTD,MACLEE CHOCOLATE CREAM,PLPCH,,,400.0,GM,400.00 GM,201904.0,1
30514,TEEMAH BANANA CREAM 50 GM,6,BISCUITS,TEEMAH BISCUITS MANUFACTURE,TEEMAH BANANA CREAM,PLPCH,,,50.0,GM,50.00 GM,201605.0,1
30516,TEEMAH STRAWBERRY CREAM 350 GM,6,BISCUITS,TEEMAH BISCUITS MANUFACTURE,TEEMAH STRAWBERRY CREAM,PLPCH,,,350.0,GM,350.00 GM,201502.0,1
30517,TEEMAH STRAWBERRY CREAM 90 GM,6,BISCUITS,TEEMAH BISCUITS MANUFACTURE,TEEMAH STRAWBERRY CREAM,PLPCH,,,90.0,GM,90.00 GM,201502.0,1
30520,SHANEY BANANA CREAM BISCUITS 45 GM,6,BISCUITS,TURNEY BISCUITS MANUFACTERIES,SHANEY BANANA CREAM,PLPCH,,,45.0,GM,45.00 GM,201602.0,1
30521,SHANEY CUSTARD CREAM BISCUITS 45 GM,6,BISCUITS,TURNEY BISCUITS MANUFACTERIES,SHANEY CUSTARD CREAM,PLPCH,,,45.0,GM,45.00 GM,201601.0,1
30526,SHANEY STRAWBERRY CREAM BISCUITS 45 GM,6,BISCUITS,TURNEY BISCUITS MANUFACTERIES,SHANEY STRAWBERRY CREAM,PLPCH,,,45.0,GM,45.00 GM,201512.0,1
30528,TURNEY APPLE CREAM 100 GM (TURNEY BIS.),6,BISCUITS,TURNEY BISCUITS MANUFACTERIES,TURNEY APPLE CREAM,PLPCH,,,100.0,GM,100.00 GM,201504.0,1
30529,TURNEY APPLE CREAM 360 GM (TURNEY BIS.),6,BISCUITS,TURNEY BISCUITS MANUFACTERIES,TURNEY APPLE CREAM,PLPCH,,,360.0,GM,360.00 GM,201503.0,1
30530,TURNEY BANANA CREAM 360 GM (TURNEY BIS.),6,BISCUITS,TURNEY BISCUITS MANUFACTERIES,TURNEY BANANA,PLPCH,,,360.0,GM,360.00 GM,201210.0,1
30531,TURNEY BANANA CREAM 90 GM (TURNEY BIS.),6,BISCUITS,TURNEY BISCUITS MANUFACTERIES,TURNEY BANANA,PLPCH,,,90.0,GM,90.00 GM,201302.0,1
30532,TURNEY BANANA CREAM PLPCH 100 GM (TURNEY BIS.),6,BISCUITS,TURNEY BISCUITS MANUFACTERIES,TURNEY BANANA,PLPCH,,,100.0,GM,100.00 GM,202008.0,1
30533,TURNEY BUNNY BEARS BANANA CREAM BISCUITS 45 GM (TURNEY BIS.),6,BISCUITS,TURNEY BISCUITS MANUFACTERIES,TURNEY BUNNY BEARS,PLPCH,,,45.0,GM,45.00 GM,201604.0,1
30534,TURNEY BUNNY BEARS COCONUT CREAM BISCUITS 45 GM (TURNEY BIS.),6,BISCUITS,TURNEY BISCUITS MANUFACTERIES,TURNEY BUNNY BEARS,PLPCH,,,45.0,GM,45.00 GM,201611.0,1
30535,TURNEY BUNNY BEARS CUSTARD CREAM BISCUITS 45 GM (TURNEY BIS.),6,BISCUITS,TURNEY BISCUITS MANUFACTERIES,TURNEY BUNNY BEARS,PLPCH,,,45.0,GM,45.00 GM,201605.0,1
30536,TURNEY BUNNY BEARS LEMON CREAM BISCUITS 45 GM (TURNEY BIS.),6,BISCUITS,TURNEY BISCUITS MANUFACTERIES,TURNEY BUNNY BEARS,PLPCH,,,45.0,GM,45.00 GM,201605.0,1
30537,TURNEY BUNNY BEARS MANGO CREAM BISCUITS 45 GM (TURNEY BIS.),6,BISCUITS,TURNEY BISCUITS MANUFACTERIES,TURNEY BUNNY BEARS,PLPCH,,,45.0,GM,45.00 GM,201609.0,1
30538,TURNEY BUNNY BEARS STRAWBERRY CREAM BISCUITS 45 GM (TURNEY BIS.),6,BISCUITS,TURNEY BISCUITS MANUFACTERIES,TURNEY BUNNY BEARS,PLPCH,,,45.0,GM,45.00 GM,201604.0,1
30541,MUNCHEE GEM 100 GM,6,BISCUITS,CEYLON BISCUITS LIMITED,MUNCHEE GEM,PLPCH,,,100.0,GM,100.00 GM,,1
30542,MUNCHEE GEM 15 GM,6,BISCUITS,CEYLON BISCUITS LIMITED,MUNCHEE GEM,PLPCH,,,15.0,GM,15.00 GM,201301.0,1
30552,DIANA ICING GEM 40 GM,6,BISCUITS,DIANA TRADING CO.(PVT) LTD,DIANA ICING GEM,PLPCH,,,40.0,GM,40.00 GM,201707.0,1
30555,DIANA ICING GEM 900 GM PLPCH,6,BISCUITS,DIANA TRADING CO.(PVT) LTD,DIANA ICING GEM,PLPCH,,,900.0,GM,900.00 GM,201212.0,1
30559,LUCKYLAND FANCY GEM 1000 GM,6,BISCUITS,LUCKYLAND BISCUITS MFS,LUCKYLAND FANCY GEM,PLPCH,,,1000.0,GM,1000.00 GM,201005.0,1
30565,MALIBAN GEM 100 GM,6,BISCUITS,MALIBAN BISCUIT MANUFACTORIES,MALIBAN GEM,PLPCH,,,100.0,GM,100.00 GM,,1
30569,RASHIKA GEM BISCUITS 40 GM,6,BISCUITS,RASHIKA TRADING (PVT) LTD,RASHIKA GEM,PLPCH,,,40.0,GM,40.00 GM,201411.0,1
30571,SACHIE MILK GEM PLPCH 175 GM,6,BISCUITS,SACHIE BISCUITS (PVT) LTD,SACHIE MILK GEM,PLPCH,,,175.0,GM,175.00 GM,202003.0,1
30575,TURNEY ICING GEM BISCUITS 40 GM (TURNEY BIS.),6,BISCUITS,TURNEY BISCUITS MANUFACTERIES,TURNEY ICING GEM,PLPCH,,,40.0,GM,40.00 GM,201408.0,1
30577,KIST GINGER BISCUITS 80 GM,6,BISCUITS,CARGILLS QUALITY DAIRIES (PVT) LTD,KIST GINGER,PLPCH,,,80.0,GM,80.00 GM,202006.0,1
30578,KIST GINGER BISCUITS 250 GM,6,BISCUITS,CARGILLS QUALITY DAIRIES (PVT) LTD,KIST GINGER,PLPCH,,,250.0,GM,250.00 GM,201803.0,1
30579,MUNCHEE GINGER BISCUITS 400 GM,6,BISCUITS,CEYLON BISCUITS LIMITED,MUNCHEE GINGER BISCUIT,PLPCH,,,400.0,GM,400.00 GM,200812.0,1
30581,MUNCHEE GINGER BISCUITS 200 GM,6,BISCUITS,CEYLON BISCUITS LIMITED,MUNCHEE GINGER BISCUIT,PLPCH,,,200.0,GM,200.00 GM,201708.0,1
30582,MUNCHEE GINGER BISCUITS 75 GM,6,BISCUITS,CEYLON BISCUITS LIMITED,MUNCHEE GINGER BISCUIT,PLPCH,,,75.0,GM,75.00 GM,201410.0,1
30583,MUNCHEE GINGER BISCUITS 85 GM,6,BISCUITS,CEYLON BISCUITS LIMITED,MUNCHEE GINGER BISCUIT,PLPCH,,,85.0,GM,85.00 GM,201904.0,1
30584,CHERISH GINGER 400 GM,6,BISCUITS,CHERISH BISCUIT (PVT) LTD,CHERISH GINGER,PLBAG,,,400.0,GM,400.00 GM,200902.0,1
30587,CHERISH GINGER SNAPS 400 GM,6,BISCUITS,CHERISH BISCUIT (PVT) LTD,CHERISH GINGER SNAPS,PLPCH,,,400.0,GM,400.00 GM,201009.0,1
30588,CHERISH GINGER SNAPS 500 GM,6,BISCUITS,CHERISH BISCUIT (PVT) LTD,CHERISH GINGER SNAPS,PLPCH,,,500.0,GM,500.00 GM,201001.0,1
30590,CHERISH GINGER SNAPS PLPCH 200 GM,6,BISCUITS,CHERISH BISCUIT (PVT) LTD,CHERISH GINGER SNAPS,PLPCH,,,200.0,GM,200.00 GM,201811.0,1
30591,CHERISH GINGER SNAPS PLPCH 80 GM,6,BISCUITS,CHERISH BISCUIT (PVT) LTD,CHERISH GINGER SNAPS,PLPCH,,,80.0,GM,80.00 GM,201901.0,1
30594,BAKERS FRESH GINGER 225 GM,6,BISCUITS,LUCKYLAND BISCUITS MFS,BAKERS FRESH GINGER,PLPCH,,,225.0,GM,225.00 GM,201801.0,1
30595,LUCKYLAND GINGER'N RICE 90 GM,6,BISCUITS,LUCKYLAND BISCUITS MFS,LUCKYLAND GINGER'N RICE,PLPCH,,,90.0,GM,90.00 GM,201106.0,1
30596,MALIBAN GINGER NUTS 80 GM,6,BISCUITS,MALIBAN BISCUIT MANUFACTORIES,MALIBAN GINGER NUTS,PLPCH,,,80.0,GM,80.00 GM,200710.0,1
30597,MALIBAN INGURU BISCUITS (GINGER BISCUIT) 240 GM,6,BISCUITS,MALIBAN BISCUIT MANUFACTORIES,MALIBAN GINGER,PLPCH,,,240.0,GM,240.00 GM,201401.0,1
30598,MALIBAN INGURU BISCUITS (GINGER BISCUIT) 370 GM,6,BISCUITS,MALIBAN BISCUIT MANUFACTORIES,MALIBAN GINGER,PLPCH,,,370.0,GM,370.00 GM,201401.0,1
30599,MALIBAN INGURU BISCUITS (GINGER BISCUIT) 80 GM,6,BISCUITS,MALIBAN BISCUIT MANUFACTORIES,MALIBAN GINGER,PLPCH,,,80.0,GM,80.00 GM,201312.0,1
30601,RASHIKA GINGER BISCUITS PLPCH 240 GM,6,BISCUITS,RASHIKA TRADING (PVT) LTD,RASHIKA GINGER BISCUIT,PLPCH,,,240.0,GM,240.00 GM,201811.0,1
30603,RASHIKA GINGER BISCUITS PLPCH 220 GM,6,BISCUITS,RASHIKA TRADING (PVT) LTD,RASHIKA GINGER BISCUIT,PLPCH,,,220.0,GM,220.00 GM,202012.0,1
30604,RASHIKA GINGER BISCUITS PLPCH 40 GM,6,BISCUITS,RASHIKA TRADING (PVT) LTD,RASHIKA GINGER BISCUIT,PLPCH,,,40.0,GM,40.00 GM,201908.0,1
30606,MAXMA GINGER BISCUITS 300 GM (RIZLANKA HOLD.),6,BISCUITS,RIZLANKA HOLDINGS (PVT) LTD,MAXMA GINGER,PLPCH,,,300.0,GM,300.00 GM,201612.0,1
30608,SACHIE GINGER BISCUITS 70 GM,6,BISCUITS,SACHIE BISCUITS (PVT) LTD,SACHIE GINGER,PLPCH,,,70.0,GM,70.00 GM,201402.0,1
30612,SACHIE GINGER FINGER BISCUITS 120 GM,6,BISCUITS,SACHIE BISCUITS (PVT) LTD,SACHIE GINGER FINGER,PLPCH,,,120.0,GM,120.00 GM,201908.0,1
30615,SACHIE GINGER FINGER BISCUITS 75 GM,6,BISCUITS,SACHIE BISCUITS (PVT) LTD,SACHIE GINGER FINGER,PLPCH,,,75.0,GM,75.00 GM,201911.0,1
30616,SACHIE GINGER FINGER BISCUITS 80 GM,6,BISCUITS,SACHIE BISCUITS (PVT) LTD,SACHIE GINGER FINGER,PLPCH,,,80.0,GM,80.00 GM,201809.0,1
30617,BISCO CHOCOLATE MARIE 45 GM,6,BISCUITS,BISCO FOODS (PVT) LTD,BISCO CHOCOLATE MARIE,PLPCH,,,45.0,GM,45.00 GM,201805.0,1
30618,BISCO CHOCOLATE MARIE 50 GM,6,BISCUITS,BISCO FOODS (PVT) LTD,BISCO CHOCOLATE MARIE,PLPCH,,,50.0,GM,50.00 GM,201706.0,1
30619,KIST MARIE 300 GM,6,BISCUITS,CARGILLS QUALITY DAIRIES (PVT) LTD,KIST MARIE,PLPCH,,,300.0,GM,300.00 GM,201212.0,1
30620,KIST MARIE 70 GM,6,BISCUITS,CARGILLS QUALITY DAIRIES (PVT) LTD,KIST MARIE,PLPCH,,,70.0,GM,70.00 GM,201602.0,1
30622,KIST PUNCHI MARIE 55 GM,6,BISCUITS,CARGILLS QUALITY DAIRIES (PVT) LTD,KIST PUNCHI MARIE,PLPCH,,,55.0,GM,55.00 GM,201711.0,1
30623,MUNCHEE CHOCOLATE MARIE 200 GM,6,BISCUITS,CEYLON BISCUITS LIMITED,MUNCHEE CHOCOLATE MARIE,PLPCH,,,200.0,GM,200.00 GM,201912.0,1
30624,MUNCHEE CHOCOLATE MARIE 400 GM,6,BISCUITS,CEYLON BISCUITS LIMITED,MUNCHEE CHOCOLATE MARIE,PLPCH,,,400.0,GM,400.00 GM,201003.0,1
30625,MUNCHEE CHOCOLATE MARIE 90 GM,6,BISCUITS,CEYLON BISCUITS LIMITED,MUNCHEE CHOCOLATE MARIE,PLPCH,,,90.0,GM,90.00 GM,201002.0,1
30626,MUNCHEE LITE MARIE 250 GM,6,BISCUITS,CEYLON BISCUITS LIMITED,MUNCHEE LITE MARIE,PLPCH,,,250.0,GM,250.00 GM,201310.0,1
30627,MUNCHEE LITE MARIE 50 GM,6,BISCUITS,CEYLON BISCUITS LIMITED,MUNCHEE LITE MARIE,PLPCH,,,50.0,GM,50.00 GM,201611.0,1
30628,MUNCHEE LITE MARIE 65 GM,6,BISCUITS,CEYLON BISCUITS LIMITED,MUNCHEE LITE MARIE,PLPCH,,,65.0,GM,65.00 GM,201302.0,1
30630,MUNCHEE TIKIRI MARIE 230 GM,6,BISCUITS,CEYLON BISCUITS LIMITED,MUNCHEE TIKIRI MARIE,FLPCH,,,230.0,GM,230.00 GM,201912.0,1
30631,MUNCHEE TIKIRI MARIE 360 GM,6,BISCUITS,CEYLON BISCUITS LIMITED,MUNCHEE TIKIRI MARIE,PLPCH,,,360.0,GM,360.00 GM,201112.0,1
30632,MUNCHEE TIKIRI MARIE 80 GM,6,BISCUITS,CEYLON BISCUITS LIMITED,MUNCHEE TIKIRI MARIE,PLPCH,,,80.0,GM,80.00 GM,201110.0,1
30634,CHERISH MILK MARIE 18 GM,6,BISCUITS,CHERISH BISCUIT (PVT) LTD,CHERISH MILK MARIE,PLPCH,,,18.0,GM,18.00 GM,201601.0,1
30635,CHERISH MILK MARIE 320 GM,6,BISCUITS,CHERISH BISCUIT (PVT) LTD,CHERISH MILK MARIE,PLPCH,,,320.0,GM,320.00 GM,201604.0,1
30636,CHERISH MILK MARIE 80 GM,6,BISCUITS,CHERISH BISCUIT (PVT) LTD,CHERISH MILK MARIE,PLPCH,,,80.0,GM,80.00 GM,201601.0,1
30637,CROWN CHOCO SINGITHI MARIE 60 GM,6,BISCUITS,CROWN BISCUITS MANUFACTOR,CROWN CHOCO SINGITHI MARIE,PLPCH,,,60.0,GM,60.00 GM,201412.0,1
30638,CROWN SINGITHI MARIE 60 GM,6,BISCUITS,CROWN BISCUITS MANUFACTOR,CROWN SINGITHI MARIE,PLPCH,,,60.0,GM,60.00 GM,201312.0,1
30640,DIANA LITE MARIE 50 GM,6,BISCUITS,DIANA TRADING CO.(PVT) LTD,DIANA LITE MARIE,PLPCH,,,50.0,GM,50.00 GM,201709.0,1
30642,DIANA SUPER MARIE 400 GM,6,BISCUITS,DIANA TRADING CO.(PVT) LTD,DIANA SUPER MARIE,PLPCH,,,400.0,GM,400.00 GM,201006.0,1
30644,DIANA SUPER MARIE 65 GM,6,BISCUITS,DIANA TRADING CO.(PVT) LTD,DIANA SUPER MARIE,PLPCH,,,65.0,GM,65.00 GM,201301.0,1
30645,DIANA SUPER MARIE 75 GM,6,BISCUITS,DIANA TRADING CO.(PVT) LTD,DIANA SUPER MARIE,PLPCH,,,75.0,GM,75.00 GM,201405.0,1
30646,SUN RICH LACTO MARIE 350 GM,6,BISCUITS,SUNRICH CONFECTIONERY (PVT) LTD,SUN RICH LACTO MARIE,PLPCH,,,350.0,GM,350.00 GM,201308.0,1
30652,LUCKYLAND RICH MARIE 50 GM,6,BISCUITS,LUCKYLAND BISCUITS MFS,LUCKYLAND RICH MARIE,PLPCH,,,50.0,GM,50.00 GM,201704.0,1
30653,LUCKYLAND MARIE 300 GM,6,BISCUITS,LUCKYLAND BISCUITS MFS,LUCKYLAND MARIE,PLPCH,,,300.0,GM,300.00 GM,201104.0,1
30654,LUCKYLAND MARIE 50 GM,6,BISCUITS,LUCKYLAND BISCUITS MFS,LUCKYLAND MARIE,PLPCH,,,50.0,GM,50.00 GM,200703.0,1
30655,LUCKYLAND MARIE 60 GM,6,BISCUITS,LUCKYLAND BISCUITS MFS,LUCKYLAND MARIE,PLPCH,,,60.0,GM,60.00 GM,,1
30656,LUCKYLAND VITA MARIE 80 GM,6,BISCUITS,LUCKYLAND BISCUITS MFS,LUCKYLAND VITA MARIE,PLPCH,,,80.0,GM,80.00 GM,201109.0,1
30657,MAAM (MAAM BIS.) CHOCOLATE MARIE 320 GM,6,BISCUITS,MAAM BISCUITS LANKA (PVT) LTD,MAAM CHOCOLATE MARIE,PLPCH,,,320.0,GM,320.00 GM,201701.0,1
30658,MAAM (MAAM BIS.) FAMILY MARIE 400 GM,6,BISCUITS,MAAM BISCUITS LANKA (PVT) LTD,MAAM FAMILY MARIE,PLPCH,,,400.0,GM,400.00 GM,201809.0,1
30660,MAAM (MAAM BIS.) RANWAN MARIE 75 GM,6,BISCUITS,MAAM BISCUITS LANKA (PVT) LTD,MAAM RANWAN MARIE,PLPCH,,,75.0,GM,75.00 GM,201709.0,1
30661,MALIBAN CHOCOLATE MARIE 300 GM,6,BISCUITS,MALIBAN BISCUIT MANUFACTORIES,MALIBAN CHOCOLATE MARIE,PLPCH,,,300.0,GM,300.00 GM,201704.0,1
30662,MALIBAN CHOCOLATE MARIE 75 GM,6,BISCUITS,MALIBAN BISCUIT MANUFACTORIES,MALIBAN CHOCOLATE MARIE,PLPCH,,,75.0,GM,75.00 GM,201702.0,1
30663,MALIBAN CHOCOLATE MARIE 80 GM,6,BISCUITS,MALIBAN BISCUIT MANUFACTORIES,MALIBAN CHOCOLATE MARIE,PLPCH,,,80.0,GM,80.00 GM,201410.0,1
30664,MALIBAN FALUDA MARIE 75 GM,6,BISCUITS,MALIBAN BISCUIT MANUFACTORIES,MALIBAN FALUDA MARIE,PLPCH,,,75.0,GM,75.00 GM,201802.0,1
30665,MALIBAN GOLD MARIE 300 GM,6,BISCUITS,MALIBAN BISCUIT MANUFACTORIES,MALIBAN GOLD MARIE,PLPCH,,,300.0,GM,300.00 GM,201610.0,1
30666,MALIBAN GOLD MARIE 320 GM,6,BISCUITS,MALIBAN BISCUIT MANUFACTORIES,MALIBAN GOLD MARIE,PLPCH,,,320.0,GM,320.00 GM,201102.0,1
30667,MALIBAN GOLD MARIE 330 GM,6,BISCUITS,MALIBAN BISCUIT MANUFACTORIES,MALIBAN GOLD MARIE,PLPCH,,,330.0,GM,330.00 GM,201901.0,1
30668,MALIBAN GOLD MARIE 80 GM,6,BISCUITS,MALIBAN BISCUIT MANUFACTORIES,MALIBAN GOLD MARIE,PLPCH,,,80.0,GM,80.00 GM,201007.0,1
30669,MALIBAN GOLD MARIE 230 GM,6,BISCUITS,MALIBAN BISCUIT MANUFACTORIES,MALIBAN GOLD MARIE,PLPCH,,,230.0,GM,230.00 GM,202006.0,1
30670,MALIBAN GOLD MARIE 75 GM,6,BISCUITS,MALIBAN BISCUIT MANUFACTORIES,MALIBAN GOLD MARIE,PLPCH,,,75.0,GM,75.00 GM,201610.0,1
30672,MALIBAN LIGHT MARIE 220 GM,6,BISCUITS,MALIBAN BISCUIT MANUFACTORIES,MALIBAN LIGHT MARIE,PLPCH,,,220.0,GM,220.00 GM,201701.0,1
30673,MALIBAN LIGHT MARIE 240 GM,6,BISCUITS,MALIBAN BISCUIT MANUFACTORIES,MALIBAN LIGHT MARIE,PLPCH,,,240.0,GM,240.00 GM,201611.0,1
30674,MALIBAN LIGHT MARIE 50 GM,6,BISCUITS,MALIBAN BISCUIT MANUFACTORIES,MALIBAN LIGHT MARIE,PLPCH,,,50.0,GM,50.00 GM,201701.0,1
30675,MALIBAN LIGHT MARIE 60 GM,6,BISCUITS,MALIBAN BISCUIT MANUFACTORIES,MALIBAN LIGHT MARIE,PLPCH,,,60.0,GM,60.00 GM,201611.0,1
30676,MALIBAN LIGHT MARIE 65 GM,6,BISCUITS,MALIBAN BISCUIT MANUFACTORIES,MALIBAN LIGHT MARIE,PLPCH,,,65.0,GM,65.00 GM,201310.0,1
30678,MIC MAC JUNIOR MARIE 60 GM,6,BISCUITS,MICMAC FOOD (PVT) LTD,MIC MAC JUNIOR MARIE,PLPCH,,,60.0,GM,60.00 GM,201202.0,1
30679,MIYAMI MARIE BISCUITS 40 GM,6,BISCUITS,MIYAMI BISCUIT & SNACKS MNFT,MIYAMI MARIE,PLPCH,,,40.0,GM,40.00 GM,202002.0,1
30680,MASTER BAKERS LITTLE MASTER MARIE 300 GM (MM FOODS),6,BISCUITS,MM FOODS (PVT) LTD,MASTER BAKE. LITTLE MAST.MARIE,PLPCH,,,300.0,GM,300.00 GM,200810.0,1
30682,MASTER BAKERS MARIE 50 GM (MM FOODS),6,BISCUITS,MM FOODS (PVT) LTD,MASTER BAKERS MARIE,PLPCH,,,50.0,GM,50.00 GM,201709.0,1
30684,MAAM CHOCOLATE MARIE 80 GM (ORIENT LANKA),6,BISCUITS,ORIENT LANKA CONFECTIONERY,MAAM CHOCOLATE MARIE,PLPCH,,,80.0,GM,80.00 GM,201612.0,1
30686,RICH MARIE BISCUITS 260 GM,6,BISCUITS,ORIENT LANKA CONFECTIONERY,RICH MARIE,PLPCH,,,260.0,GM,260.00 GM,201408.0,1
30688,RASHIKA REAL COCONUT MARIE POL MARIE 70 GM,6,BISCUITS,RASHIKA TRADING (PVT) LTD,RASHIKA REAL COCONUT MARIE,PLPCH,,,70.0,GM,70.00 GM,201903.0,1
30689,RASHIKA MILKY MARI 52 GM,6,BISCUITS,RASHIKA TRADING (PVT) LTD,RASHIKA MILKY MARIE,PLPCH,,,52.0,GM,52.00 GM,201409.0,1
30691,RASHIKA COCO POWER 50 GM,6,BISCUITS,RASHIKA TRADING (PVT) LTD,RASHIKA COCO POWER,PLPCH,,,50.0,GM,50.00 GM,201507.0,1
30692,SACHIE BUDDY MARIE 200 GM,6,BISCUITS,SACHIE BISCUITS (PVT) LTD,SACHIE BUDDY MARIE,PLPCH,,,200.0,GM,200.00 GM,201410.0,1
30693,SACHIE SUPER MARI BISCUITS 300 GM,6,BISCUITS,SACHIE BISCUITS (PVT) LTD,SACHIE SUPER MARI,PLPCH,,,300.0,GM,300.00 GM,201709.0,1
30694,SACHIE SUPER MARI BISCUITS 50 GM,6,BISCUITS,SACHIE BISCUITS (PVT) LTD,SACHIE SUPER MARI,PLPCH,,,50.0,GM,50.00 GM,201710.0,1
30695,SACHIE SUPER MARI BISCUITS 75 GM,6,BISCUITS,SACHIE BISCUITS (PVT) LTD,SACHIE SUPER MARI,PLPCH,,,75.0,GM,75.00 GM,201112.0,1
30696,MACLEE MARIE 75 GM (SRI NUTRIFOODS),6,BISCUITS,SRI NUTRIFOODS (PVT) LTD,MACLEE MARIE,PLPCH,,,75.0,GM,75.00 GM,201902.0,1
30697,SUN RICH LACTO MARIE 400 GM,6,BISCUITS,SUNRICH CONFECTIONERY (PVT) LTD,SUN RICH LACTO MARIE,PLPCH,,,400.0,GM,400.00 GM,201909.0,1
30700,SUN RICH LACTO MARIE 80 GM,6,BISCUITS,SUNRICH CONFECTIONERY (PVT) LTD,SUN RICH LACTO MARIE,PLPCH,,,80.0,GM,80.00 GM,201511.0,1
30707,TURNEY MARIE 270 GM (TURNEY BIS.),6,BISCUITS,TURNEY BISCUITS MANUFACTERIES,TURNEY MARIE,PLPCH,,,270.0,GM,270.00 GM,201610.0,1
30708,TURNEY MARIE 50 GM (TURNEY BIS.),6,BISCUITS,TURNEY BISCUITS MANUFACTERIES,TURNEY MARIE,PLPCH,,,50.0,GM,50.00 GM,201608.0,1
30709,TURNEY MARIE 80 GM (TURNEY BIS.),6,BISCUITS,TURNEY BISCUITS MANUFACTERIES,TURNEY MARIE,PLPCH,,,80.0,GM,80.00 GM,201404.0,1
30710,TURNEY MEGA MARIE 60 GM PLPCH (TURNEY BIS.),6,BISCUITS,TURNEY BISCUITS MANUFACTERIES,TURNEY MEGA MARIE,PLPCH,,,60.0,GM,60.00 GM,201205.0,1
